sample,cell_model,condition,replicate,gene,well_type,dilution,Cq
MCF7-par_rep1,MCF7,parental,1,PARP12,sample,,
MCF7-par_rep1,MCF7,parental,1,PARP12,sample,,
MCF7-par_rep1,MCF7,parental,1,PARP12,sample,,
MCF7-par_rep1,MCF7,parental,1,PARP12,noRT,,
MCF7-par_rep1,MCF7,parental,1,CASP4,sample,,
MCF7-par_rep1,MCF7,parental,1,CASP4,sample,,
MCF7-par_rep1,MCF7,parental,1,CASP4,sample,,
MCF7-par_rep1,MCF7,parental,1,CASP4,noRT,,
MCF7-par_rep1,MCF7,parental,1,SH3TC1,sample,,
MCF7-par_rep1,MCF7,parental,1,SH3TC1,sample,,
MCF7-par_rep1,MCF7,parental,1,SH3TC1,sample,,
MCF7-par_rep1,MCF7,parental,1,SH3TC1,noRT,,
MCF7-par_rep1,MCF7,parental,1,LAMB1,sample,,
MCF7-par_rep1,MCF7,parental,1,LAMB1,sample,,
MCF7-par_rep1,MCF7,parental,1,LAMB1,sample,,
MCF7-par_rep1,MCF7,parental,1,LAMB1,noRT,,
MCF7-par_rep1,MCF7,parental,1,STAT1,sample,,
MCF7-par_rep1,MCF7,parental,1,STAT1,sample,,
MCF7-par_rep1,MCF7,parental,1,STAT1,sample,,
MCF7-par_rep1,MCF7,parental,1,STAT1,noRT,,
MCF7-par_rep1,MCF7,parental,1,ISG15,sample,,
MCF7-par_rep1,MCF7,parental,1,ISG15,sample,,
MCF7-par_rep1,MCF7,parental,1,ISG15,sample,,
MCF7-par_rep1,MCF7,parental,1,ISG15,noRT,,
MCF7-par_rep1,MCF7,parental,1,LGALS3BP,sample,,
MCF7-par_rep1,MCF7,parental,1,LGALS3BP,sample,,
MCF7-par_rep1,MCF7,parental,1,LGALS3BP,sample,,
MCF7-par_rep1,MCF7,parental,1,LGALS3BP,noRT,,
MCF7-par_rep1,MCF7,parental,1,MARCKS,sample,,
MCF7-par_rep1,MCF7,parental,1,MARCKS,sample,,
MCF7-par_rep1,MCF7,parental,1,MARCKS,sample,,
MCF7-par_rep1,MCF7,parental,1,MARCKS,noRT,,
MCF7-par_rep1,MCF7,parental,1,ACTB,sample,,
MCF7-par_rep1,MCF7,parental,1,ACTB,sample,,
MCF7-par_rep1,MCF7,parental,1,ACTB,sample,,
MCF7-par_rep1,MCF7,parental,1,ACTB,noRT,,
MCF7-par_rep1,MCF7,parental,1,GAPDH,sample,,
MCF7-par_rep1,MCF7,parental,1,GAPDH,sample,,
MCF7-par_rep1,MCF7,parental,1,GAPDH,sample,,
MCF7-par_rep1,MCF7,parental,1,GAPDH,noRT,,
MCF7-par_rep1,MCF7,parental,1,RPLP0,sample,,
MCF7-par_rep1,MCF7,parental,1,RPLP0,sample,,
MCF7-par_rep1,MCF7,parental,1,RPLP0,sample,,
MCF7-par_rep1,MCF7,parental,1,RPLP0,noRT,,
MCF7-par_rep1,MCF7,parental,1,TBP,sample,,
MCF7-par_rep1,MCF7,parental,1,TBP,sample,,
MCF7-par_rep1,MCF7,parental,1,TBP,sample,,
MCF7-par_rep1,MCF7,parental,1,TBP,noRT,,
MCF7-par_rep2,MCF7,parental,2,PARP12,sample,,
MCF7-par_rep2,MCF7,parental,2,PARP12,sample,,
MCF7-par_rep2,MCF7,parental,2,PARP12,sample,,
MCF7-par_rep2,MCF7,parental,2,PARP12,noRT,,
MCF7-par_rep2,MCF7,parental,2,CASP4,sample,,
MCF7-par_rep2,MCF7,parental,2,CASP4,sample,,
MCF7-par_rep2,MCF7,parental,2,CASP4,sample,,
MCF7-par_rep2,MCF7,parental,2,CASP4,noRT,,
MCF7-par_rep2,MCF7,parental,2,SH3TC1,sample,,
MCF7-par_rep2,MCF7,parental,2,SH3TC1,sample,,
MCF7-par_rep2,MCF7,parental,2,SH3TC1,sample,,
MCF7-par_rep2,MCF7,parental,2,SH3TC1,noRT,,
MCF7-par_rep2,MCF7,parental,2,LAMB1,sample,,
MCF7-par_rep2,MCF7,parental,2,LAMB1,sample,,
MCF7-par_rep2,MCF7,parental,2,LAMB1,sample,,
MCF7-par_rep2,MCF7,parental,2,LAMB1,noRT,,
MCF7-par_rep2,MCF7,parental,2,STAT1,sample,,
MCF7-par_rep2,MCF7,parental,2,STAT1,sample,,
MCF7-par_rep2,MCF7,parental,2,STAT1,sample,,
MCF7-par_rep2,MCF7,parental,2,STAT1,noRT,,
MCF7-par_rep2,MCF7,parental,2,ISG15,sample,,
MCF7-par_rep2,MCF7,parental,2,ISG15,sample,,
MCF7-par_rep2,MCF7,parental,2,ISG15,sample,,
MCF7-par_rep2,MCF7,parental,2,ISG15,noRT,,
MCF7-par_rep2,MCF7,parental,2,LGALS3BP,sample,,
MCF7-par_rep2,MCF7,parental,2,LGALS3BP,sample,,
MCF7-par_rep2,MCF7,parental,2,LGALS3BP,sample,,
MCF7-par_rep2,MCF7,parental,2,LGALS3BP,noRT,,
MCF7-par_rep2,MCF7,parental,2,MARCKS,sample,,
MCF7-par_rep2,MCF7,parental,2,MARCKS,sample,,
MCF7-par_rep2,MCF7,parental,2,MARCKS,sample,,
MCF7-par_rep2,MCF7,parental,2,MARCKS,noRT,,
MCF7-par_rep2,MCF7,parental,2,ACTB,sample,,
MCF7-par_rep2,MCF7,parental,2,ACTB,sample,,
MCF7-par_rep2,MCF7,parental,2,ACTB,sample,,
MCF7-par_rep2,MCF7,parental,2,ACTB,noRT,,
MCF7-par_rep2,MCF7,parental,2,GAPDH,sample,,
MCF7-par_rep2,MCF7,parental,2,GAPDH,sample,,
MCF7-par_rep2,MCF7,parental,2,GAPDH,sample,,
MCF7-par_rep2,MCF7,parental,2,GAPDH,noRT,,
MCF7-par_rep2,MCF7,parental,2,RPLP0,sample,,
MCF7-par_rep2,MCF7,parental,2,RPLP0,sample,,
MCF7-par_rep2,MCF7,parental,2,RPLP0,sample,,
MCF7-par_rep2,MCF7,parental,2,RPLP0,noRT,,
MCF7-par_rep2,MCF7,parental,2,TBP,sample,,
MCF7-par_rep2,MCF7,parental,2,TBP,sample,,
MCF7-par_rep2,MCF7,parental,2,TBP,sample,,
MCF7-par_rep2,MCF7,parental,2,TBP,noRT,,
MCF7-par_rep3,MCF7,parental,3,PARP12,sample,,
MCF7-par_rep3,MCF7,parental,3,PARP12,sample,,
MCF7-par_rep3,MCF7,parental,3,PARP12,sample,,
MCF7-par_rep3,MCF7,parental,3,PARP12,noRT,,
MCF7-par_rep3,MCF7,parental,3,CASP4,sample,,
MCF7-par_rep3,MCF7,parental,3,CASP4,sample,,
MCF7-par_rep3,MCF7,parental,3,CASP4,sample,,
MCF7-par_rep3,MCF7,parental,3,CASP4,noRT,,
MCF7-par_rep3,MCF7,parental,3,SH3TC1,sample,,
MCF7-par_rep3,MCF7,parental,3,SH3TC1,sample,,
MCF7-par_rep3,MCF7,parental,3,SH3TC1,sample,,
MCF7-par_rep3,MCF7,parental,3,SH3TC1,noRT,,
MCF7-par_rep3,MCF7,parental,3,LAMB1,sample,,
MCF7-par_rep3,MCF7,parental,3,LAMB1,sample,,
MCF7-par_rep3,MCF7,parental,3,LAMB1,sample,,
MCF7-par_rep3,MCF7,parental,3,LAMB1,noRT,,
MCF7-par_rep3,MCF7,parental,3,STAT1,sample,,
MCF7-par_rep3,MCF7,parental,3,STAT1,sample,,
MCF7-par_rep3,MCF7,parental,3,STAT1,sample,,
MCF7-par_rep3,MCF7,parental,3,STAT1,noRT,,
MCF7-par_rep3,MCF7,parental,3,ISG15,sample,,
MCF7-par_rep3,MCF7,parental,3,ISG15,sample,,
MCF7-par_rep3,MCF7,parental,3,ISG15,sample,,
MCF7-par_rep3,MCF7,parental,3,ISG15,noRT,,
MCF7-par_rep3,MCF7,parental,3,LGALS3BP,sample,,
MCF7-par_rep3,MCF7,parental,3,LGALS3BP,sample,,
MCF7-par_rep3,MCF7,parental,3,LGALS3BP,sample,,
MCF7-par_rep3,MCF7,parental,3,LGALS3BP,noRT,,
MCF7-par_rep3,MCF7,parental,3,MARCKS,sample,,
MCF7-par_rep3,MCF7,parental,3,MARCKS,sample,,
MCF7-par_rep3,MCF7,parental,3,MARCKS,sample,,
MCF7-par_rep3,MCF7,parental,3,MARCKS,noRT,,
MCF7-par_rep3,MCF7,parental,3,ACTB,sample,,
MCF7-par_rep3,MCF7,parental,3,ACTB,sample,,
MCF7-par_rep3,MCF7,parental,3,ACTB,sample,,
MCF7-par_rep3,MCF7,parental,3,ACTB,noRT,,
MCF7-par_rep3,MCF7,parental,3,GAPDH,sample,,
MCF7-par_rep3,MCF7,parental,3,GAPDH,sample,,
MCF7-par_rep3,MCF7,parental,3,GAPDH,sample,,
MCF7-par_rep3,MCF7,parental,3,GAPDH,noRT,,
MCF7-par_rep3,MCF7,parental,3,RPLP0,sample,,
MCF7-par_rep3,MCF7,parental,3,RPLP0,sample,,
MCF7-par_rep3,MCF7,parental,3,RPLP0,sample,,
MCF7-par_rep3,MCF7,parental,3,RPLP0,noRT,,
MCF7-par_rep3,MCF7,parental,3,TBP,sample,,
MCF7-par_rep3,MCF7,parental,3,TBP,sample,,
MCF7-par_rep3,MCF7,parental,3,TBP,sample,,
MCF7-par_rep3,MCF7,parental,3,TBP,noRT,,
MCF7-PR_rep1,MCF7,resistant,1,PARP12,sample,,
MCF7-PR_rep1,MCF7,resistant,1,PARP12,sample,,
MCF7-PR_rep1,MCF7,resistant,1,PARP12,sample,,
MCF7-PR_rep1,MCF7,resistant,1,PARP12,noRT,,
MCF7-PR_rep1,MCF7,resistant,1,CASP4,sample,,
MCF7-PR_rep1,MCF7,resistant,1,CASP4,sample,,
MCF7-PR_rep1,MCF7,resistant,1,CASP4,sample,,
MCF7-PR_rep1,MCF7,resistant,1,CASP4,noRT,,
MCF7-PR_rep1,MCF7,resistant,1,SH3TC1,sample,,
MCF7-PR_rep1,MCF7,resistant,1,SH3TC1,sample,,
MCF7-PR_rep1,MCF7,resistant,1,SH3TC1,sample,,
MCF7-PR_rep1,MCF7,resistant,1,SH3TC1,noRT,,
MCF7-PR_rep1,MCF7,resistant,1,LAMB1,sample,,
MCF7-PR_rep1,MCF7,resistant,1,LAMB1,sample,,
MCF7-PR_rep1,MCF7,resistant,1,LAMB1,sample,,
MCF7-PR_rep1,MCF7,resistant,1,LAMB1,noRT,,
MCF7-PR_rep1,MCF7,resistant,1,STAT1,sample,,
MCF7-PR_rep1,MCF7,resistant,1,STAT1,sample,,
MCF7-PR_rep1,MCF7,resistant,1,STAT1,sample,,
MCF7-PR_rep1,MCF7,resistant,1,STAT1,noRT,,
MCF7-PR_rep1,MCF7,resistant,1,ISG15,sample,,
MCF7-PR_rep1,MCF7,resistant,1,ISG15,sample,,
MCF7-PR_rep1,MCF7,resistant,1,ISG15,sample,,
MCF7-PR_rep1,MCF7,resistant,1,ISG15,noRT,,
MCF7-PR_rep1,MCF7,resistant,1,LGALS3BP,sample,,
MCF7-PR_rep1,MCF7,resistant,1,LGALS3BP,sample,,
MCF7-PR_rep1,MCF7,resistant,1,LGALS3BP,sample,,
MCF7-PR_rep1,MCF7,resistant,1,LGALS3BP,noRT,,
MCF7-PR_rep1,MCF7,resistant,1,MARCKS,sample,,
MCF7-PR_rep1,MCF7,resistant,1,MARCKS,sample,,
MCF7-PR_rep1,MCF7,resistant,1,MARCKS,sample,,
MCF7-PR_rep1,MCF7,resistant,1,MARCKS,noRT,,
MCF7-PR_rep1,MCF7,resistant,1,ACTB,sample,,
MCF7-PR_rep1,MCF7,resistant,1,ACTB,sample,,
MCF7-PR_rep1,MCF7,resistant,1,ACTB,sample,,
MCF7-PR_rep1,MCF7,resistant,1,ACTB,noRT,,
MCF7-PR_rep1,MCF7,resistant,1,GAPDH,sample,,
MCF7-PR_rep1,MCF7,resistant,1,GAPDH,sample,,
MCF7-PR_rep1,MCF7,resistant,1,GAPDH,sample,,
MCF7-PR_rep1,MCF7,resistant,1,GAPDH,noRT,,
MCF7-PR_rep1,MCF7,resistant,1,RPLP0,sample,,
MCF7-PR_rep1,MCF7,resistant,1,RPLP0,sample,,
MCF7-PR_rep1,MCF7,resistant,1,RPLP0,sample,,
MCF7-PR_rep1,MCF7,resistant,1,RPLP0,noRT,,
MCF7-PR_rep1,MCF7,resistant,1,TBP,sample,,
MCF7-PR_rep1,MCF7,resistant,1,TBP,sample,,
MCF7-PR_rep1,MCF7,resistant,1,TBP,sample,,
MCF7-PR_rep1,MCF7,resistant,1,TBP,noRT,,
MCF7-PR_rep2,MCF7,resistant,2,PARP12,sample,,
MCF7-PR_rep2,MCF7,resistant,2,PARP12,sample,,
MCF7-PR_rep2,MCF7,resistant,2,PARP12,sample,,
MCF7-PR_rep2,MCF7,resistant,2,PARP12,noRT,,
MCF7-PR_rep2,MCF7,resistant,2,CASP4,sample,,
MCF7-PR_rep2,MCF7,resistant,2,CASP4,sample,,
MCF7-PR_rep2,MCF7,resistant,2,CASP4,sample,,
MCF7-PR_rep2,MCF7,resistant,2,CASP4,noRT,,
MCF7-PR_rep2,MCF7,resistant,2,SH3TC1,sample,,
MCF7-PR_rep2,MCF7,resistant,2,SH3TC1,sample,,
MCF7-PR_rep2,MCF7,resistant,2,SH3TC1,sample,,
MCF7-PR_rep2,MCF7,resistant,2,SH3TC1,noRT,,
MCF7-PR_rep2,MCF7,resistant,2,LAMB1,sample,,
MCF7-PR_rep2,MCF7,resistant,2,LAMB1,sample,,
MCF7-PR_rep2,MCF7,resistant,2,LAMB1,sample,,
MCF7-PR_rep2,MCF7,resistant,2,LAMB1,noRT,,
MCF7-PR_rep2,MCF7,resistant,2,STAT1,sample,,
MCF7-PR_rep2,MCF7,resistant,2,STAT1,sample,,
MCF7-PR_rep2,MCF7,resistant,2,STAT1,sample,,
MCF7-PR_rep2,MCF7,resistant,2,STAT1,noRT,,
MCF7-PR_rep2,MCF7,resistant,2,ISG15,sample,,
MCF7-PR_rep2,MCF7,resistant,2,ISG15,sample,,
MCF7-PR_rep2,MCF7,resistant,2,ISG15,sample,,
MCF7-PR_rep2,MCF7,resistant,2,ISG15,noRT,,
MCF7-PR_rep2,MCF7,resistant,2,LGALS3BP,sample,,
MCF7-PR_rep2,MCF7,resistant,2,LGALS3BP,sample,,
MCF7-PR_rep2,MCF7,resistant,2,LGALS3BP,sample,,
MCF7-PR_rep2,MCF7,resistant,2,LGALS3BP,noRT,,
MCF7-PR_rep2,MCF7,resistant,2,MARCKS,sample,,
MCF7-PR_rep2,MCF7,resistant,2,MARCKS,sample,,
MCF7-PR_rep2,MCF7,resistant,2,MARCKS,sample,,
MCF7-PR_rep2,MCF7,resistant,2,MARCKS,noRT,,
MCF7-PR_rep2,MCF7,resistant,2,ACTB,sample,,
MCF7-PR_rep2,MCF7,resistant,2,ACTB,sample,,
MCF7-PR_rep2,MCF7,resistant,2,ACTB,sample,,
MCF7-PR_rep2,MCF7,resistant,2,ACTB,noRT,,
MCF7-PR_rep2,MCF7,resistant,2,GAPDH,sample,,
MCF7-PR_rep2,MCF7,resistant,2,GAPDH,sample,,
MCF7-PR_rep2,MCF7,resistant,2,GAPDH,sample,,
MCF7-PR_rep2,MCF7,resistant,2,GAPDH,noRT,,
MCF7-PR_rep2,MCF7,resistant,2,RPLP0,sample,,
MCF7-PR_rep2,MCF7,resistant,2,RPLP0,sample,,
MCF7-PR_rep2,MCF7,resistant,2,RPLP0,sample,,
MCF7-PR_rep2,MCF7,resistant,2,RPLP0,noRT,,
MCF7-PR_rep2,MCF7,resistant,2,TBP,sample,,
MCF7-PR_rep2,MCF7,resistant,2,TBP,sample,,
MCF7-PR_rep2,MCF7,resistant,2,TBP,sample,,
MCF7-PR_rep2,MCF7,resistant,2,TBP,noRT,,
MCF7-PR_rep3,MCF7,resistant,3,PARP12,sample,,
MCF7-PR_rep3,MCF7,resistant,3,PARP12,sample,,
MCF7-PR_rep3,MCF7,resistant,3,PARP12,sample,,
MCF7-PR_rep3,MCF7,resistant,3,PARP12,noRT,,
MCF7-PR_rep3,MCF7,resistant,3,CASP4,sample,,
MCF7-PR_rep3,MCF7,resistant,3,CASP4,sample,,
MCF7-PR_rep3,MCF7,resistant,3,CASP4,sample,,
MCF7-PR_rep3,MCF7,resistant,3,CASP4,noRT,,
MCF7-PR_rep3,MCF7,resistant,3,SH3TC1,sample,,
MCF7-PR_rep3,MCF7,resistant,3,SH3TC1,sample,,
MCF7-PR_rep3,MCF7,resistant,3,SH3TC1,sample,,
MCF7-PR_rep3,MCF7,resistant,3,SH3TC1,noRT,,
MCF7-PR_rep3,MCF7,resistant,3,LAMB1,sample,,
MCF7-PR_rep3,MCF7,resistant,3,LAMB1,sample,,
MCF7-PR_rep3,MCF7,resistant,3,LAMB1,sample,,
MCF7-PR_rep3,MCF7,resistant,3,LAMB1,noRT,,
MCF7-PR_rep3,MCF7,resistant,3,STAT1,sample,,
MCF7-PR_rep3,MCF7,resistant,3,STAT1,sample,,
MCF7-PR_rep3,MCF7,resistant,3,STAT1,sample,,
MCF7-PR_rep3,MCF7,resistant,3,STAT1,noRT,,
MCF7-PR_rep3,MCF7,resistant,3,ISG15,sample,,
MCF7-PR_rep3,MCF7,resistant,3,ISG15,sample,,
MCF7-PR_rep3,MCF7,resistant,3,ISG15,sample,,
MCF7-PR_rep3,MCF7,resistant,3,ISG15,noRT,,
MCF7-PR_rep3,MCF7,resistant,3,LGALS3BP,sample,,
MCF7-PR_rep3,MCF7,resistant,3,LGALS3BP,sample,,
MCF7-PR_rep3,MCF7,resistant,3,LGALS3BP,sample,,
MCF7-PR_rep3,MCF7,resistant,3,LGALS3BP,noRT,,
MCF7-PR_rep3,MCF7,resistant,3,MARCKS,sample,,
MCF7-PR_rep3,MCF7,resistant,3,MARCKS,sample,,
MCF7-PR_rep3,MCF7,resistant,3,MARCKS,sample,,
MCF7-PR_rep3,MCF7,resistant,3,MARCKS,noRT,,
MCF7-PR_rep3,MCF7,resistant,3,ACTB,sample,,
MCF7-PR_rep3,MCF7,resistant,3,ACTB,sample,,
MCF7-PR_rep3,MCF7,resistant,3,ACTB,sample,,
MCF7-PR_rep3,MCF7,resistant,3,ACTB,noRT,,
MCF7-PR_rep3,MCF7,resistant,3,GAPDH,sample,,
MCF7-PR_rep3,MCF7,resistant,3,GAPDH,sample,,
MCF7-PR_rep3,MCF7,resistant,3,GAPDH,sample,,
MCF7-PR_rep3,MCF7,resistant,3,GAPDH,noRT,,
MCF7-PR_rep3,MCF7,resistant,3,RPLP0,sample,,
MCF7-PR_rep3,MCF7,resistant,3,RPLP0,sample,,
MCF7-PR_rep3,MCF7,resistant,3,RPLP0,sample,,
MCF7-PR_rep3,MCF7,resistant,3,RPLP0,noRT,,
MCF7-PR_rep3,MCF7,resistant,3,TBP,sample,,
MCF7-PR_rep3,MCF7,resistant,3,TBP,sample,,
MCF7-PR_rep3,MCF7,resistant,3,TBP,sample,,
MCF7-PR_rep3,MCF7,resistant,3,TBP,noRT,,
T47D-par_rep1,T47D,parental,1,PARP12,sample,,
T47D-par_rep1,T47D,parental,1,PARP12,sample,,
T47D-par_rep1,T47D,parental,1,PARP12,sample,,
T47D-par_rep1,T47D,parental,1,PARP12,noRT,,
T47D-par_rep1,T47D,parental,1,CASP4,sample,,
T47D-par_rep1,T47D,parental,1,CASP4,sample,,
T47D-par_rep1,T47D,parental,1,CASP4,sample,,
T47D-par_rep1,T47D,parental,1,CASP4,noRT,,
T47D-par_rep1,T47D,parental,1,SH3TC1,sample,,
T47D-par_rep1,T47D,parental,1,SH3TC1,sample,,
T47D-par_rep1,T47D,parental,1,SH3TC1,sample,,
T47D-par_rep1,T47D,parental,1,SH3TC1,noRT,,
T47D-par_rep1,T47D,parental,1,LAMB1,sample,,
T47D-par_rep1,T47D,parental,1,LAMB1,sample,,
T47D-par_rep1,T47D,parental,1,LAMB1,sample,,
T47D-par_rep1,T47D,parental,1,LAMB1,noRT,,
T47D-par_rep1,T47D,parental,1,STAT1,sample,,
T47D-par_rep1,T47D,parental,1,STAT1,sample,,
T47D-par_rep1,T47D,parental,1,STAT1,sample,,
T47D-par_rep1,T47D,parental,1,STAT1,noRT,,
T47D-par_rep1,T47D,parental,1,ISG15,sample,,
T47D-par_rep1,T47D,parental,1,ISG15,sample,,
T47D-par_rep1,T47D,parental,1,ISG15,sample,,
T47D-par_rep1,T47D,parental,1,ISG15,noRT,,
T47D-par_rep1,T47D,parental,1,LGALS3BP,sample,,
T47D-par_rep1,T47D,parental,1,LGALS3BP,sample,,
T47D-par_rep1,T47D,parental,1,LGALS3BP,sample,,
T47D-par_rep1,T47D,parental,1,LGALS3BP,noRT,,
T47D-par_rep1,T47D,parental,1,MARCKS,sample,,
T47D-par_rep1,T47D,parental,1,MARCKS,sample,,
T47D-par_rep1,T47D,parental,1,MARCKS,sample,,
T47D-par_rep1,T47D,parental,1,MARCKS,noRT,,
T47D-par_rep1,T47D,parental,1,ACTB,sample,,
T47D-par_rep1,T47D,parental,1,ACTB,sample,,
T47D-par_rep1,T47D,parental,1,ACTB,sample,,
T47D-par_rep1,T47D,parental,1,ACTB,noRT,,
T47D-par_rep1,T47D,parental,1,GAPDH,sample,,
T47D-par_rep1,T47D,parental,1,GAPDH,sample,,
T47D-par_rep1,T47D,parental,1,GAPDH,sample,,
T47D-par_rep1,T47D,parental,1,GAPDH,noRT,,
T47D-par_rep1,T47D,parental,1,RPLP0,sample,,
T47D-par_rep1,T47D,parental,1,RPLP0,sample,,
T47D-par_rep1,T47D,parental,1,RPLP0,sample,,
T47D-par_rep1,T47D,parental,1,RPLP0,noRT,,
T47D-par_rep1,T47D,parental,1,TBP,sample,,
T47D-par_rep1,T47D,parental,1,TBP,sample,,
T47D-par_rep1,T47D,parental,1,TBP,sample,,
T47D-par_rep1,T47D,parental,1,TBP,noRT,,
T47D-par_rep2,T47D,parental,2,PARP12,sample,,
T47D-par_rep2,T47D,parental,2,PARP12,sample,,
T47D-par_rep2,T47D,parental,2,PARP12,sample,,
T47D-par_rep2,T47D,parental,2,PARP12,noRT,,
T47D-par_rep2,T47D,parental,2,CASP4,sample,,
T47D-par_rep2,T47D,parental,2,CASP4,sample,,
T47D-par_rep2,T47D,parental,2,CASP4,sample,,
T47D-par_rep2,T47D,parental,2,CASP4,noRT,,
T47D-par_rep2,T47D,parental,2,SH3TC1,sample,,
T47D-par_rep2,T47D,parental,2,SH3TC1,sample,,
T47D-par_rep2,T47D,parental,2,SH3TC1,sample,,
T47D-par_rep2,T47D,parental,2,SH3TC1,noRT,,
T47D-par_rep2,T47D,parental,2,LAMB1,sample,,
T47D-par_rep2,T47D,parental,2,LAMB1,sample,,
T47D-par_rep2,T47D,parental,2,LAMB1,sample,,
T47D-par_rep2,T47D,parental,2,LAMB1,noRT,,
T47D-par_rep2,T47D,parental,2,STAT1,sample,,
T47D-par_rep2,T47D,parental,2,STAT1,sample,,
T47D-par_rep2,T47D,parental,2,STAT1,sample,,
T47D-par_rep2,T47D,parental,2,STAT1,noRT,,
T47D-par_rep2,T47D,parental,2,ISG15,sample,,
T47D-par_rep2,T47D,parental,2,ISG15,sample,,
T47D-par_rep2,T47D,parental,2,ISG15,sample,,
T47D-par_rep2,T47D,parental,2,ISG15,noRT,,
T47D-par_rep2,T47D,parental,2,LGALS3BP,sample,,
T47D-par_rep2,T47D,parental,2,LGALS3BP,sample,,
T47D-par_rep2,T47D,parental,2,LGALS3BP,sample,,
T47D-par_rep2,T47D,parental,2,LGALS3BP,noRT,,
T47D-par_rep2,T47D,parental,2,MARCKS,sample,,
T47D-par_rep2,T47D,parental,2,MARCKS,sample,,
T47D-par_rep2,T47D,parental,2,MARCKS,sample,,
T47D-par_rep2,T47D,parental,2,MARCKS,noRT,,
T47D-par_rep2,T47D,parental,2,ACTB,sample,,
T47D-par_rep2,T47D,parental,2,ACTB,sample,,
T47D-par_rep2,T47D,parental,2,ACTB,sample,,
T47D-par_rep2,T47D,parental,2,ACTB,noRT,,
T47D-par_rep2,T47D,parental,2,GAPDH,sample,,
T47D-par_rep2,T47D,parental,2,GAPDH,sample,,
T47D-par_rep2,T47D,parental,2,GAPDH,sample,,
T47D-par_rep2,T47D,parental,2,GAPDH,noRT,,
T47D-par_rep2,T47D,parental,2,RPLP0,sample,,
T47D-par_rep2,T47D,parental,2,RPLP0,sample,,
T47D-par_rep2,T47D,parental,2,RPLP0,sample,,
T47D-par_rep2,T47D,parental,2,RPLP0,noRT,,
T47D-par_rep2,T47D,parental,2,TBP,sample,,
T47D-par_rep2,T47D,parental,2,TBP,sample,,
T47D-par_rep2,T47D,parental,2,TBP,sample,,
T47D-par_rep2,T47D,parental,2,TBP,noRT,,
T47D-par_rep3,T47D,parental,3,PARP12,sample,,
T47D-par_rep3,T47D,parental,3,PARP12,sample,,
T47D-par_rep3,T47D,parental,3,PARP12,sample,,
T47D-par_rep3,T47D,parental,3,PARP12,noRT,,
T47D-par_rep3,T47D,parental,3,CASP4,sample,,
T47D-par_rep3,T47D,parental,3,CASP4,sample,,
T47D-par_rep3,T47D,parental,3,CASP4,sample,,
T47D-par_rep3,T47D,parental,3,CASP4,noRT,,
T47D-par_rep3,T47D,parental,3,SH3TC1,sample,,
T47D-par_rep3,T47D,parental,3,SH3TC1,sample,,
T47D-par_rep3,T47D,parental,3,SH3TC1,sample,,
T47D-par_rep3,T47D,parental,3,SH3TC1,noRT,,
T47D-par_rep3,T47D,parental,3,LAMB1,sample,,
T47D-par_rep3,T47D,parental,3,LAMB1,sample,,
T47D-par_rep3,T47D,parental,3,LAMB1,sample,,
T47D-par_rep3,T47D,parental,3,LAMB1,noRT,,
T47D-par_rep3,T47D,parental,3,STAT1,sample,,
T47D-par_rep3,T47D,parental,3,STAT1,sample,,
T47D-par_rep3,T47D,parental,3,STAT1,sample,,
T47D-par_rep3,T47D,parental,3,STAT1,noRT,,
T47D-par_rep3,T47D,parental,3,ISG15,sample,,
T47D-par_rep3,T47D,parental,3,ISG15,sample,,
T47D-par_rep3,T47D,parental,3,ISG15,sample,,
T47D-par_rep3,T47D,parental,3,ISG15,noRT,,
T47D-par_rep3,T47D,parental,3,LGALS3BP,sample,,
T47D-par_rep3,T47D,parental,3,LGALS3BP,sample,,
T47D-par_rep3,T47D,parental,3,LGALS3BP,sample,,
T47D-par_rep3,T47D,parental,3,LGALS3BP,noRT,,
T47D-par_rep3,T47D,parental,3,MARCKS,sample,,
T47D-par_rep3,T47D,parental,3,MARCKS,sample,,
T47D-par_rep3,T47D,parental,3,MARCKS,sample,,
T47D-par_rep3,T47D,parental,3,MARCKS,noRT,,
T47D-par_rep3,T47D,parental,3,ACTB,sample,,
T47D-par_rep3,T47D,parental,3,ACTB,sample,,
T47D-par_rep3,T47D,parental,3,ACTB,sample,,
T47D-par_rep3,T47D,parental,3,ACTB,noRT,,
T47D-par_rep3,T47D,parental,3,GAPDH,sample,,
T47D-par_rep3,T47D,parental,3,GAPDH,sample,,
T47D-par_rep3,T47D,parental,3,GAPDH,sample,,
T47D-par_rep3,T47D,parental,3,GAPDH,noRT,,
T47D-par_rep3,T47D,parental,3,RPLP0,sample,,
T47D-par_rep3,T47D,parental,3,RPLP0,sample,,
T47D-par_rep3,T47D,parental,3,RPLP0,sample,,
T47D-par_rep3,T47D,parental,3,RPLP0,noRT,,
T47D-par_rep3,T47D,parental,3,TBP,sample,,
T47D-par_rep3,T47D,parental,3,TBP,sample,,
T47D-par_rep3,T47D,parental,3,TBP,sample,,
T47D-par_rep3,T47D,parental,3,TBP,noRT,,
T47D-PR_rep1,T47D,resistant,1,PARP12,sample,,
T47D-PR_rep1,T47D,resistant,1,PARP12,sample,,
T47D-PR_rep1,T47D,resistant,1,PARP12,sample,,
T47D-PR_rep1,T47D,resistant,1,PARP12,noRT,,
T47D-PR_rep1,T47D,resistant,1,CASP4,sample,,
T47D-PR_rep1,T47D,resistant,1,CASP4,sample,,
T47D-PR_rep1,T47D,resistant,1,CASP4,sample,,
T47D-PR_rep1,T47D,resistant,1,CASP4,noRT,,
T47D-PR_rep1,T47D,resistant,1,SH3TC1,sample,,
T47D-PR_rep1,T47D,resistant,1,SH3TC1,sample,,
T47D-PR_rep1,T47D,resistant,1,SH3TC1,sample,,
T47D-PR_rep1,T47D,resistant,1,SH3TC1,noRT,,
T47D-PR_rep1,T47D,resistant,1,LAMB1,sample,,
T47D-PR_rep1,T47D,resistant,1,LAMB1,sample,,
T47D-PR_rep1,T47D,resistant,1,LAMB1,sample,,
T47D-PR_rep1,T47D,resistant,1,LAMB1,noRT,,
T47D-PR_rep1,T47D,resistant,1,STAT1,sample,,
T47D-PR_rep1,T47D,resistant,1,STAT1,sample,,
T47D-PR_rep1,T47D,resistant,1,STAT1,sample,,
T47D-PR_rep1,T47D,resistant,1,STAT1,noRT,,
T47D-PR_rep1,T47D,resistant,1,ISG15,sample,,
T47D-PR_rep1,T47D,resistant,1,ISG15,sample,,
T47D-PR_rep1,T47D,resistant,1,ISG15,sample,,
T47D-PR_rep1,T47D,resistant,1,ISG15,noRT,,
T47D-PR_rep1,T47D,resistant,1,LGALS3BP,sample,,
T47D-PR_rep1,T47D,resistant,1,LGALS3BP,sample,,
T47D-PR_rep1,T47D,resistant,1,LGALS3BP,sample,,
T47D-PR_rep1,T47D,resistant,1,LGALS3BP,noRT,,
T47D-PR_rep1,T47D,resistant,1,MARCKS,sample,,
T47D-PR_rep1,T47D,resistant,1,MARCKS,sample,,
T47D-PR_rep1,T47D,resistant,1,MARCKS,sample,,
T47D-PR_rep1,T47D,resistant,1,MARCKS,noRT,,
T47D-PR_rep1,T47D,resistant,1,ACTB,sample,,
T47D-PR_rep1,T47D,resistant,1,ACTB,sample,,
T47D-PR_rep1,T47D,resistant,1,ACTB,sample,,
T47D-PR_rep1,T47D,resistant,1,ACTB,noRT,,
T47D-PR_rep1,T47D,resistant,1,GAPDH,sample,,
T47D-PR_rep1,T47D,resistant,1,GAPDH,sample,,
T47D-PR_rep1,T47D,resistant,1,GAPDH,sample,,
T47D-PR_rep1,T47D,resistant,1,GAPDH,noRT,,
T47D-PR_rep1,T47D,resistant,1,RPLP0,sample,,
T47D-PR_rep1,T47D,resistant,1,RPLP0,sample,,
T47D-PR_rep1,T47D,resistant,1,RPLP0,sample,,
T47D-PR_rep1,T47D,resistant,1,RPLP0,noRT,,
T47D-PR_rep1,T47D,resistant,1,TBP,sample,,
T47D-PR_rep1,T47D,resistant,1,TBP,sample,,
T47D-PR_rep1,T47D,resistant,1,TBP,sample,,
T47D-PR_rep1,T47D,resistant,1,TBP,noRT,,
T47D-PR_rep2,T47D,resistant,2,PARP12,sample,,
T47D-PR_rep2,T47D,resistant,2,PARP12,sample,,
T47D-PR_rep2,T47D,resistant,2,PARP12,sample,,
T47D-PR_rep2,T47D,resistant,2,PARP12,noRT,,
T47D-PR_rep2,T47D,resistant,2,CASP4,sample,,
T47D-PR_rep2,T47D,resistant,2,CASP4,sample,,
T47D-PR_rep2,T47D,resistant,2,CASP4,sample,,
T47D-PR_rep2,T47D,resistant,2,CASP4,noRT,,
T47D-PR_rep2,T47D,resistant,2,SH3TC1,sample,,
T47D-PR_rep2,T47D,resistant,2,SH3TC1,sample,,
T47D-PR_rep2,T47D,resistant,2,SH3TC1,sample,,
T47D-PR_rep2,T47D,resistant,2,SH3TC1,noRT,,
T47D-PR_rep2,T47D,resistant,2,LAMB1,sample,,
T47D-PR_rep2,T47D,resistant,2,LAMB1,sample,,
T47D-PR_rep2,T47D,resistant,2,LAMB1,sample,,
T47D-PR_rep2,T47D,resistant,2,LAMB1,noRT,,
T47D-PR_rep2,T47D,resistant,2,STAT1,sample,,
T47D-PR_rep2,T47D,resistant,2,STAT1,sample,,
T47D-PR_rep2,T47D,resistant,2,STAT1,sample,,
T47D-PR_rep2,T47D,resistant,2,STAT1,noRT,,
T47D-PR_rep2,T47D,resistant,2,ISG15,sample,,
T47D-PR_rep2,T47D,resistant,2,ISG15,sample,,
T47D-PR_rep2,T47D,resistant,2,ISG15,sample,,
T47D-PR_rep2,T47D,resistant,2,ISG15,noRT,,
T47D-PR_rep2,T47D,resistant,2,LGALS3BP,sample,,
T47D-PR_rep2,T47D,resistant,2,LGALS3BP,sample,,
T47D-PR_rep2,T47D,resistant,2,LGALS3BP,sample,,
T47D-PR_rep2,T47D,resistant,2,LGALS3BP,noRT,,
T47D-PR_rep2,T47D,resistant,2,MARCKS,sample,,
T47D-PR_rep2,T47D,resistant,2,MARCKS,sample,,
T47D-PR_rep2,T47D,resistant,2,MARCKS,sample,,
T47D-PR_rep2,T47D,resistant,2,MARCKS,noRT,,
T47D-PR_rep2,T47D,resistant,2,ACTB,sample,,
T47D-PR_rep2,T47D,resistant,2,ACTB,sample,,
T47D-PR_rep2,T47D,resistant,2,ACTB,sample,,
T47D-PR_rep2,T47D,resistant,2,ACTB,noRT,,
T47D-PR_rep2,T47D,resistant,2,GAPDH,sample,,
T47D-PR_rep2,T47D,resistant,2,GAPDH,sample,,
T47D-PR_rep2,T47D,resistant,2,GAPDH,sample,,
T47D-PR_rep2,T47D,resistant,2,GAPDH,noRT,,
T47D-PR_rep2,T47D,resistant,2,RPLP0,sample,,
T47D-PR_rep2,T47D,resistant,2,RPLP0,sample,,
T47D-PR_rep2,T47D,resistant,2,RPLP0,sample,,
T47D-PR_rep2,T47D,resistant,2,RPLP0,noRT,,
T47D-PR_rep2,T47D,resistant,2,TBP,sample,,
T47D-PR_rep2,T47D,resistant,2,TBP,sample,,
T47D-PR_rep2,T47D,resistant,2,TBP,sample,,
T47D-PR_rep2,T47D,resistant,2,TBP,noRT,,
T47D-PR_rep3,T47D,resistant,3,PARP12,sample,,
T47D-PR_rep3,T47D,resistant,3,PARP12,sample,,
T47D-PR_rep3,T47D,resistant,3,PARP12,sample,,
T47D-PR_rep3,T47D,resistant,3,PARP12,noRT,,
T47D-PR_rep3,T47D,resistant,3,CASP4,sample,,
T47D-PR_rep3,T47D,resistant,3,CASP4,sample,,
T47D-PR_rep3,T47D,resistant,3,CASP4,sample,,
T47D-PR_rep3,T47D,resistant,3,CASP4,noRT,,
T47D-PR_rep3,T47D,resistant,3,SH3TC1,sample,,
T47D-PR_rep3,T47D,resistant,3,SH3TC1,sample,,
T47D-PR_rep3,T47D,resistant,3,SH3TC1,sample,,
T47D-PR_rep3,T47D,resistant,3,SH3TC1,noRT,,
T47D-PR_rep3,T47D,resistant,3,LAMB1,sample,,
T47D-PR_rep3,T47D,resistant,3,LAMB1,sample,,
T47D-PR_rep3,T47D,resistant,3,LAMB1,sample,,
T47D-PR_rep3,T47D,resistant,3,LAMB1,noRT,,
T47D-PR_rep3,T47D,resistant,3,STAT1,sample,,
T47D-PR_rep3,T47D,resistant,3,STAT1,sample,,
T47D-PR_rep3,T47D,resistant,3,STAT1,sample,,
T47D-PR_rep3,T47D,resistant,3,STAT1,noRT,,
T47D-PR_rep3,T47D,resistant,3,ISG15,sample,,
T47D-PR_rep3,T47D,resistant,3,ISG15,sample,,
T47D-PR_rep3,T47D,resistant,3,ISG15,sample,,
T47D-PR_rep3,T47D,resistant,3,ISG15,noRT,,
T47D-PR_rep3,T47D,resistant,3,LGALS3BP,sample,,
T47D-PR_rep3,T47D,resistant,3,LGALS3BP,sample,,
T47D-PR_rep3,T47D,resistant,3,LGALS3BP,sample,,
T47D-PR_rep3,T47D,resistant,3,LGALS3BP,noRT,,
T47D-PR_rep3,T47D,resistant,3,MARCKS,sample,,
T47D-PR_rep3,T47D,resistant,3,MARCKS,sample,,
T47D-PR_rep3,T47D,resistant,3,MARCKS,sample,,
T47D-PR_rep3,T47D,resistant,3,MARCKS,noRT,,
T47D-PR_rep3,T47D,resistant,3,ACTB,sample,,
T47D-PR_rep3,T47D,resistant,3,ACTB,sample,,
T47D-PR_rep3,T47D,resistant,3,ACTB,sample,,
T47D-PR_rep3,T47D,resistant,3,ACTB,noRT,,
T47D-PR_rep3,T47D,resistant,3,GAPDH,sample,,
T47D-PR_rep3,T47D,resistant,3,GAPDH,sample,,
T47D-PR_rep3,T47D,resistant,3,GAPDH,sample,,
T47D-PR_rep3,T47D,resistant,3,GAPDH,noRT,,
T47D-PR_rep3,T47D,resistant,3,RPLP0,sample,,
T47D-PR_rep3,T47D,resistant,3,RPLP0,sample,,
T47D-PR_rep3,T47D,resistant,3,RPLP0,sample,,
T47D-PR_rep3,T47D,resistant,3,RPLP0,noRT,,
T47D-PR_rep3,T47D,resistant,3,TBP,sample,,
T47D-PR_rep3,T47D,resistant,3,TBP,sample,,
T47D-PR_rep3,T47D,resistant,3,TBP,sample,,
T47D-PR_rep3,T47D,resistant,3,TBP,noRT,,
NTC,,,,PARP12,NTC,,
std_1,,,,PARP12,std,1,
std_1,,,,PARP12,std,1,
std_1,,,,PARP12,std,1,
std_0.1,,,,PARP12,std,0.1,
std_0.1,,,,PARP12,std,0.1,
std_0.1,,,,PARP12,std,0.1,
std_0.01,,,,PARP12,std,0.01,
std_0.01,,,,PARP12,std,0.01,
std_0.01,,,,PARP12,std,0.01,
std_0.001,,,,PARP12,std,0.001,
std_0.001,,,,PARP12,std,0.001,
std_0.001,,,,PARP12,std,0.001,
std_0.0001,,,,PARP12,std,0.0001,
std_0.0001,,,,PARP12,std,0.0001,
std_0.0001,,,,PARP12,std,0.0001,
NTC,,,,CASP4,NTC,,
std_1,,,,CASP4,std,1,
std_1,,,,CASP4,std,1,
std_1,,,,CASP4,std,1,
std_0.1,,,,CASP4,std,0.1,
std_0.1,,,,CASP4,std,0.1,
std_0.1,,,,CASP4,std,0.1,
std_0.01,,,,CASP4,std,0.01,
std_0.01,,,,CASP4,std,0.01,
std_0.01,,,,CASP4,std,0.01,
std_0.001,,,,CASP4,std,0.001,
std_0.001,,,,CASP4,std,0.001,
std_0.001,,,,CASP4,std,0.001,
std_0.0001,,,,CASP4,std,0.0001,
std_0.0001,,,,CASP4,std,0.0001,
std_0.0001,,,,CASP4,std,0.0001,
NTC,,,,SH3TC1,NTC,,
std_1,,,,SH3TC1,std,1,
std_1,,,,SH3TC1,std,1,
std_1,,,,SH3TC1,std,1,
std_0.1,,,,SH3TC1,std,0.1,
std_0.1,,,,SH3TC1,std,0.1,
std_0.1,,,,SH3TC1,std,0.1,
std_0.01,,,,SH3TC1,std,0.01,
std_0.01,,,,SH3TC1,std,0.01,
std_0.01,,,,SH3TC1,std,0.01,
std_0.001,,,,SH3TC1,std,0.001,
std_0.001,,,,SH3TC1,std,0.001,
std_0.001,,,,SH3TC1,std,0.001,
std_0.0001,,,,SH3TC1,std,0.0001,
std_0.0001,,,,SH3TC1,std,0.0001,
std_0.0001,,,,SH3TC1,std,0.0001,
NTC,,,,LAMB1,NTC,,
std_1,,,,LAMB1,std,1,
std_1,,,,LAMB1,std,1,
std_1,,,,LAMB1,std,1,
std_0.1,,,,LAMB1,std,0.1,
std_0.1,,,,LAMB1,std,0.1,
std_0.1,,,,LAMB1,std,0.1,
std_0.01,,,,LAMB1,std,0.01,
std_0.01,,,,LAMB1,std,0.01,
std_0.01,,,,LAMB1,std,0.01,
std_0.001,,,,LAMB1,std,0.001,
std_0.001,,,,LAMB1,std,0.001,
std_0.001,,,,LAMB1,std,0.001,
std_0.0001,,,,LAMB1,std,0.0001,
std_0.0001,,,,LAMB1,std,0.0001,
std_0.0001,,,,LAMB1,std,0.0001,
NTC,,,,STAT1,NTC,,
std_1,,,,STAT1,std,1,
std_1,,,,STAT1,std,1,
std_1,,,,STAT1,std,1,
std_0.1,,,,STAT1,std,0.1,
std_0.1,,,,STAT1,std,0.1,
std_0.1,,,,STAT1,std,0.1,
std_0.01,,,,STAT1,std,0.01,
std_0.01,,,,STAT1,std,0.01,
std_0.01,,,,STAT1,std,0.01,
std_0.001,,,,STAT1,std,0.001,
std_0.001,,,,STAT1,std,0.001,
std_0.001,,,,STAT1,std,0.001,
std_0.0001,,,,STAT1,std,0.0001,
std_0.0001,,,,STAT1,std,0.0001,
std_0.0001,,,,STAT1,std,0.0001,
NTC,,,,ISG15,NTC,,
std_1,,,,ISG15,std,1,
std_1,,,,ISG15,std,1,
std_1,,,,ISG15,std,1,
std_0.1,,,,ISG15,std,0.1,
std_0.1,,,,ISG15,std,0.1,
std_0.1,,,,ISG15,std,0.1,
std_0.01,,,,ISG15,std,0.01,
std_0.01,,,,ISG15,std,0.01,
std_0.01,,,,ISG15,std,0.01,
std_0.001,,,,ISG15,std,0.001,
std_0.001,,,,ISG15,std,0.001,
std_0.001,,,,ISG15,std,0.001,
std_0.0001,,,,ISG15,std,0.0001,
std_0.0001,,,,ISG15,std,0.0001,
std_0.0001,,,,ISG15,std,0.0001,
NTC,,,,LGALS3BP,NTC,,
std_1,,,,LGALS3BP,std,1,
std_1,,,,LGALS3BP,std,1,
std_1,,,,LGALS3BP,std,1,
std_0.1,,,,LGALS3BP,std,0.1,
std_0.1,,,,LGALS3BP,std,0.1,
std_0.1,,,,LGALS3BP,std,0.1,
std_0.01,,,,LGALS3BP,std,0.01,
std_0.01,,,,LGALS3BP,std,0.01,
std_0.01,,,,LGALS3BP,std,0.01,
std_0.001,,,,LGALS3BP,std,0.001,
std_0.001,,,,LGALS3BP,std,0.001,
std_0.001,,,,LGALS3BP,std,0.001,
std_0.0001,,,,LGALS3BP,std,0.0001,
std_0.0001,,,,LGALS3BP,std,0.0001,
std_0.0001,,,,LGALS3BP,std,0.0001,
NTC,,,,MARCKS,NTC,,
std_1,,,,MARCKS,std,1,
std_1,,,,MARCKS,std,1,
std_1,,,,MARCKS,std,1,
std_0.1,,,,MARCKS,std,0.1,
std_0.1,,,,MARCKS,std,0.1,
std_0.1,,,,MARCKS,std,0.1,
std_0.01,,,,MARCKS,std,0.01,
std_0.01,,,,MARCKS,std,0.01,
std_0.01,,,,MARCKS,std,0.01,
std_0.001,,,,MARCKS,std,0.001,
std_0.001,,,,MARCKS,std,0.001,
std_0.001,,,,MARCKS,std,0.001,
std_0.0001,,,,MARCKS,std,0.0001,
std_0.0001,,,,MARCKS,std,0.0001,
std_0.0001,,,,MARCKS,std,0.0001,
NTC,,,,ACTB,NTC,,
std_1,,,,ACTB,std,1,
std_1,,,,ACTB,std,1,
std_1,,,,ACTB,std,1,
std_0.1,,,,ACTB,std,0.1,
std_0.1,,,,ACTB,std,0.1,
std_0.1,,,,ACTB,std,0.1,
std_0.01,,,,ACTB,std,0.01,
std_0.01,,,,ACTB,std,0.01,
std_0.01,,,,ACTB,std,0.01,
std_0.001,,,,ACTB,std,0.001,
std_0.001,,,,ACTB,std,0.001,
std_0.001,,,,ACTB,std,0.001,
std_0.0001,,,,ACTB,std,0.0001,
std_0.0001,,,,ACTB,std,0.0001,
std_0.0001,,,,ACTB,std,0.0001,
NTC,,,,GAPDH,NTC,,
std_1,,,,GAPDH,std,1,
std_1,,,,GAPDH,std,1,
std_1,,,,GAPDH,std,1,
std_0.1,,,,GAPDH,std,0.1,
std_0.1,,,,GAPDH,std,0.1,
std_0.1,,,,GAPDH,std,0.1,
std_0.01,,,,GAPDH,std,0.01,
std_0.01,,,,GAPDH,std,0.01,
std_0.01,,,,GAPDH,std,0.01,
std_0.001,,,,GAPDH,std,0.001,
std_0.001,,,,GAPDH,std,0.001,
std_0.001,,,,GAPDH,std,0.001,
std_0.0001,,,,GAPDH,std,0.0001,
std_0.0001,,,,GAPDH,std,0.0001,
std_0.0001,,,,GAPDH,std,0.0001,
NTC,,,,RPLP0,NTC,,
std_1,,,,RPLP0,std,1,
std_1,,,,RPLP0,std,1,
std_1,,,,RPLP0,std,1,
std_0.1,,,,RPLP0,std,0.1,
std_0.1,,,,RPLP0,std,0.1,
std_0.1,,,,RPLP0,std,0.1,
std_0.01,,,,RPLP0,std,0.01,
std_0.01,,,,RPLP0,std,0.01,
std_0.01,,,,RPLP0,std,0.01,
std_0.001,,,,RPLP0,std,0.001,
std_0.001,,,,RPLP0,std,0.001,
std_0.001,,,,RPLP0,std,0.001,
std_0.0001,,,,RPLP0,std,0.0001,
std_0.0001,,,,RPLP0,std,0.0001,
std_0.0001,,,,RPLP0,std,0.0001,
NTC,,,,TBP,NTC,,
std_1,,,,TBP,std,1,
std_1,,,,TBP,std,1,
std_1,,,,TBP,std,1,
std_0.1,,,,TBP,std,0.1,
std_0.1,,,,TBP,std,0.1,
std_0.1,,,,TBP,std,0.1,
std_0.01,,,,TBP,std,0.01,
std_0.01,,,,TBP,std,0.01,
std_0.01,,,,TBP,std,0.01,
std_0.001,,,,TBP,std,0.001,
std_0.001,,,,TBP,std,0.001,
std_0.001,,,,TBP,std,0.001,
std_0.0001,,,,TBP,std,0.0001,
std_0.0001,,,,TBP,std,0.0001,
std_0.0001,,,,TBP,std,0.0001,
