,Degree,MCC,Betweenness,Closeness,n_top,direction,meanLFC
IFIT3,28,225733140146.0,0.048281316247059676,0.32122905027932963,4,Up,2.0950633297990318
ISG15,31,225733138887.0,0.09983494695222582,0.32670454545454547,4,Up,3.714144486095444
STAT1,44,213159348539.0,0.3325839225438283,0.3758169934640523,4,Up,1.853038172190569
CMPK2,21,112608921603.0,0.05050664584803095,0.3062583222370173,4,Up,2.3770259283520705
IRF1,30,12457673085.0,0.04909042461504154,0.323943661971831,4,Up,2.0120454109315173
IFIT1,24,225733138560.0,0.0029334042532768514,0.31039136302294196,3,Up,2.7227509259326257
IFIT2,23,225733137840.0,0.001696118953465371,0.3078982597054886,3,Up,1.9089371730957967
DDX60,24,225733134360.0,0.0018206864110042113,0.3074866310160428,3,Up,3.208493821835489
IFI44,25,225733133646.0,0.008894519647736073,0.31550068587105623,3,Up,2.80488141170326
RSAD2,24,224691672962.0,0.006481052894648292,0.30831099195710454,3,Up,2.394202382931046
OASL,22,224691672240.0,0.0016219276503597303,0.3074866310160428,3,Up,2.6298454328882137
IFI6,22,224172748921.0,0.013763681818814778,0.3150684931506849,3,Up,3.040671813871839
IRF7,27,213159342553.0,0.020831707325845127,0.3207810320781032,3,Up,1.479133377076278
HELZ2,21,200302502402.0,0.04693386495300072,0.3058510638297872,3,Up,3.0700025030692477
SAMD9,18,188367379200.0,0.0005138682789946896,0.30223390275952694,2,Up,2.0891208973276605
PARP12,18,187848460801.0,0.009961961198073481,0.3006535947712418,2,Up,2.0202715614393654
SP110,18,94443148801.0,0.01002681191197709,0.304635761589404,2,Up,1.5252641182562
IFITM1,19,37362124820.0,0.015971518483339366,0.304635761589404,2,Up,2.1242457717491874
IFITM3,16,18681062402.0,0.011718733978175456,0.29986962190352023,2,Up,3.1094416962602005
CASP8,14,184.0,0.06671060435260127,0.30831099195710454,2,Up,1.4726497048976317
IL18,15,151.0,0.05437484571681578,0.323943661971831,2,Up,1.6869895348419963
L1CAM,11,20.0,0.1370666659635315,0.33285094066570187,2,Up,2.667723363872789
BIN1,8,8.0,0.12089264875437512,0.3074866310160428,2,Up,3.220148976537365
DDX60L,16,12573792000.0,0.0003124836627817431,0.26837806301050177,1,Up,2.854446669954678
LY6E,17,12454041727.0,0.009663551443556127,0.3034300791556728,1,Up,2.043414425320356
B2M,16,880.0,0.030378870567644142,0.3108108108108108,1,Up,1.0592723907324495
CD24,10,36.0,0.049193036233224206,0.2843016069221261,1,Down,-2.0881451143880105
EPCAM,12,35.0,0.053993567387402235,0.2971576227390181,1,Down,-1.9677055488776605
KLF4,10,34.0,0.04622205741195905,0.30997304582210244,1,Up,1.3175958869866264
ABCG2,7,27.0,0.054506046731220475,0.28117359413202936,1,Down,-2.3868952434578854
ITGA5,11,23.0,0.04943655777437136,0.2804878048780488,1,Up,3.275832633588115
PLEK2,15,16.0,0.11525536471700693,0.2832512315270936,1,Up,1.1169660948725737
CD63,10,12.0,0.048204581965851784,0.28714107365792757,1,Up,1.155268628927767
RDX,11,11.0,0.10500437487232825,0.2926208651399491,1,Down,-1.6822054912400874
WNT5A,8,10.0,0.05011431382120462,0.25442477876106195,1,Up,1.613246126102905
DGAT1,4,4.0,0.048223181394352305,0.23565573770491804,1,Up,1.0591942200655728
UBE2E2,3,3.0,0.0597212629219429,0.25813692480359146,1,Up,1.2221400023930336
UBA5,3,3.0,0.05122460603759256,0.2075812274368231,1,Down,-1.130024650755416
DTX3L,16,1041466320.0,0.0005491236760061628,0.29986962190352023,0,Up,1.372290041988436
SP100,14,518918401.0,0.017883302153109473,0.2952503209242619,0,Up,1.5830516570210835
IRF5,13,5066.0,0.013811722009156204,0.2975420439844761,0,Up,1.844725398373783
NLRC5,10,1536.0,0.0007348536379402008,0.29562982005141386,0,Up,2.010260869914335
TICAM1,9,282.0,0.0018786396427818586,0.2937420178799489,0,Up,1.1596302852378289
TNFAIP3,10,169.0,0.01910754066305457,0.2915082382762991,0,Up,1.766384686585484
LGALS3BP,9,124.0,0.023359036795683786,0.2882205513784461,0,Up,4.43322897736369
HLA-A,10,63.0,0.018839369680626727,0.29411764705882354,0,Up,1.1991751245101496
PSMB10,6,49.0,0.01008799863420676,0.29224904701397714,0,Up,1.0571555490319386
NES,10,33.0,0.03774813181348622,0.29449423815621,0,Up,2.223838391451436
TRAF1,5,30.0,0.00014054132300753442,0.25583982202447164,0,Up,1.383338246691807
GNG4,8,23.0,0.023150924945211197,0.24185068349106204,0,Up,2.4391043271910315
IL4R,7,22.0,0.003850756110728238,0.2963917525773196,0,Up,2.4979306698559665
GNG12,7,22.0,0.014455272771298149,0.2415966386554622,0,Up,1.235717439981621
SERPINA1,10,17.0,0.02929670611325297,0.2787878787878788,0,Up,2.9004459874352952
LAMB1,7,17.0,0.009469185784627045,0.2662037037037037,0,Up,2.711807104225579
LAMA3,7,16.0,0.0170605724698737,0.24390243902439024,0,Up,1.2772984677596777
BDKRB2,7,16.0,0.018185143350536427,0.21395348837209302,0,Up,1.665572818335592
RGS16,5,14.0,0.014053493103449945,0.23711340206185566,0,Down,-1.7487884286281965
LIF,7,13.0,0.012558946676155522,0.2971576227390181,0,Up,1.9627441760209197
CST3,6,12.0,0.005325335395499137,0.26713124274099886,0,Up,1.2767374557546698
JUNB,6,11.0,0.010556782626271901,0.2904040404040404,0,Up,1.19553969620181
PLAT,9,10.0,0.03301460821334901,0.26376146788990823,0,Up,3.3276725633690383
SERPINF2,5,10.0,0.004770049288493382,0.24287222808870115,0,Up,1.335707229212377
NRP2,5,10.0,0.00573429281827733,0.2564102564102564,0,Up,1.8649202864151733
CFB,7,10.0,0.022703324558939728,0.2634593356242841,0,Up,3.0268207268952207
KIF1A,6,9.0,0.019864627015980057,0.23858921161825727,0,Up,2.9098084085196665
APOL6,6,9.0,0.016763258474540743,0.28967254408060455,0,Up,2.744898578040772
PLXNA3,5,9.0,0.011017695078742345,0.2533039647577093,0,Up,1.0141331154335766
CASP4,4,8.0,0.002282037806723451,0.26775320139697323,0,Up,2.1653040194828908
RGS11,4,8.0,0.0054638001327518,0.23517382413087934,0,Up,1.2714188331929632
AREG,6,8.0,0.014472069742223408,0.2696365767878077,0,Up,2.5587977562521664
KIF5C,5,8.0,0.017223268732833995,0.25386313465783666,0,Up,1.906220723041587
GPSM2,4,8.0,0.0017562768091443632,0.19776440240756663,0,Down,-1.0280003909555575
PLEC,7,7.0,0.03607175289413531,0.2860696517412935,0,Up,1.991564390746409
STUB1,7,7.0,0.042653958563689545,0.27283511269276395,0,Up,1.1465174569415115
COL5A1,3,6.0,0.0,0.22704837117472854,0,Up,4.2462326680306335
ITGA10,3,6.0,0.0,0.22704837117472854,0,Down,-1.3572700916547378
ID1,5,6.0,0.016233986538404313,0.21904761904761905,0,Up,2.0255616274018755
TPM1,6,6.0,0.037654712454806435,0.2777777777777778,0,Down,-1.2318116354388189
BMP7,5,6.0,0.012699718206338362,0.21575984990619138,0,Up,2.444385861456505
KIFC2,3,6.0,0.0,0.2135561745589601,0,Up,1.575655602897465
KIF26A,3,6.0,0.0,0.2135561745589601,0,Up,1.7828906763781631
SEMA3B,3,6.0,0.0,0.25164113785557984,0,Up,1.890060022495314
BIK,4,5.0,0.008708309600658186,0.2368692070030896,0,Up,1.47845030286539
KCNH2,5,5.0,0.0325942493470498,0.24008350730688935,0,Up,2.177315430834082
KCNMA1,5,5.0,0.01819939636575404,0.25555555555555554,0,Up,1.9242284956277576
APOL1,5,5.0,0.010784377455282065,0.25555555555555554,0,Up,2.3236237337968064
PTCH1,5,5.0,0.025272092854927087,0.25164113785557984,0,Up,1.0626426436548224
IGFBP3,5,5.0,0.028221380608123053,0.2718676122931442,0,Up,2.433643928368737
LGALS1,4,4.0,0.004844308128099534,0.26436781609195403,0,Up,2.52899181288435
BBC3,3,4.0,0.0009418853255232008,0.2541436464088398,0,Up,1.1517967067998331
PGGHG,4,4.0,0.017315359787355232,0.23493360572012256,0,Up,1.3809205044901398
GAB2,4,4.0,0.028451016090937493,0.29336734693877553,0,Down,-1.6269559381656975
FERMT2,3,4.0,0.0045372809272056945,0.2680652680652681,0,Down,-1.115272847610298
PTHLH,4,4.0,0.01843876815859533,0.26775320139697323,0,Up,1.208051698381023
ECM1,4,4.0,0.0038155680531173344,0.25669642857142855,0,Up,2.1995740202561787
APLP1,4,4.0,0.024190007593451884,0.25813692480359146,0,Up,1.9583933068890296
LFNG,4,4.0,0.02593506740079742,0.19861830742659758,0,Up,2.544095817224042
SORT1,4,4.0,0.013555836299924285,0.2535832414553473,0,Down,-1.734232251857964
MAP2K3,4,4.0,0.03815155844638735,0.19658119658119658,0,Up,1.1275565287802098
OPTN,4,4.0,0.015385894081992995,0.24338624338624337,0,Up,1.2796833884575527
ID3,4,4.0,0.009866895671358414,0.21296296296296297,0,Up,1.2433702201215302
NEDD9,4,4.0,0.01910251116803569,0.23858921161825727,0,Down,-1.7368347291748023
TUBB3,4,4.0,0.006024464745119509,0.25442477876106195,0,Up,2.398001919776893
HMGCS1,4,4.0,0.03590028306251551,0.2462526766595289,0,Down,-1.3937391773739003
STEAP3,4,4.0,0.004401736606585893,0.20426287744227353,0,Up,1.2060934959053795
OSBPL6,3,3.0,0.004224579192933793,0.2524698133918771,0,Up,1.3378903054151614
FARP1,3,3.0,0.011041529491702048,0.2237354085603113,0,Down,-1.1476150337609206
NME3,3,3.0,0.03822968324717637,0.23760330578512398,0,Up,1.9446110345438683
GUCY1B1,3,3.0,0.02205349186688398,0.19491525423728814,0,Up,2.031324013777086
F2R,3,3.0,0.010281669850804004,0.23493360572012256,0,Up,2.7340493192668
PKD1,3,3.0,0.012630114114968281,0.286783042394015,0,Up,1.037988625893285
NRARP,3,3.0,0.02485123800832333,0.2318548387096774,0,Down,-1.4542479052429036
ALDH1A3,3,3.0,0.01735333206759066,0.22243713733075435,0,Up,2.3364382935866743
STK26,3,3.0,0.01735333206759066,0.2274975272007913,0,Down,-1.1191084511136795
MYO5B,3,3.0,0.006069832858829832,0.23517382413087934,0,Down,-2.800623808238562
ARG2,3,3.0,0.008695652173913044,0.2744630071599045,0,Down,-1.021150086679027
MCOLN3,3,3.0,0.00033726014929736205,0.24945770065075923,0,Down,-1.3158076640431149
E2F2,3,3.0,0.013234846814683541,0.21575984990619138,0,Down,-1.3690225153559223
MICALL2,3,3.0,0.008695652173913044,0.19392917369308602,0,Up,1.3901933202051664
DCLK1,3,3.0,0.0009912520968597095,0.2368692070030896,0,Up,2.337747248172709
MICAL1,3,3.0,0.0023091867101739908,0.2123730378578024,0,Up,1.2991611443693454
SHANK3,3,3.0,0.01661287260299981,0.23809523809523808,0,Up,2.149083135193304
MAPK8IP2,3,3.0,0.0005885703436491361,0.19541206457094307,0,Up,3.638495769287529
MAML2,3,3.0,0.031259708237754265,0.28083028083028083,0,Down,-2.141228680084627
TNFRSF25,3,3.0,0.0004845513423898262,0.25164113785557984,0,Up,1.1705065960805838
MCOLN2,3,3.0,0.00284972615711911,0.2646720368239356,0,Down,-1.037844493786252
SKAP2,2,2.0,0.002691874193509152,0.23858921161825727,0,Down,-1.3962855907660776
CHPF,2,2.0,0.008695652173913044,0.16606498194945848,0,Up,1.294315940073094
TMSB10,2,2.0,0.0005647938543324912,0.249728555917481,0,Up,1.8561903807641225
PYGL,2,2.0,0.0,0.19055509527754763,0,Up,2.020875940350503
AGL,2,2.0,0.0,0.19055509527754763,0,Down,-1.0786156016541693
PLEKHN1,2,2.0,0.008695652173913044,0.22136669874879691,0,Up,1.6365686947629643
MARCKS,2,2.0,0.008971758872494781,0.250272034820457,0,Up,2.762182714983265
OSBPL5,2,2.0,0.0,0.2237354085603113,0,Up,1.9424114216854376
SERPINB6,2,2.0,0.0,0.21395348837209302,0,Up,1.2479026524992636
SLC1A1,2,2.0,0.008695652173913044,0.16312056737588654,0,Up,3.27712751828877
APOL2,2,2.0,0.0,0.23208879919273462,0,Up,1.888711455029908
OSMR,2,2.0,0.0,0.27744270205066346,0,Up,1.5357823235000196
MKNK2,2,2.0,0.04458785994629241,0.2390852390852391,0,Up,1.264154921135331
RNF144A,2,2.0,0.0,0.2378490175801448,0,Up,2.190061003904426
RAB11FIP5,2,2.0,0.0,0.20535714285714285,0,Up,1.4167159877093216
IER3,2,2.0,0.008695652173913044,0.2263779527559055,0,Down,-1.375548530947034
LPIN2,2,2.0,0.008695652173913044,0.19118869492934332,0,Up,1.5473942787039154
SLC4A3,2,2.0,0.017315359787355232,0.1944209636517329,0,Up,1.4716512721798365
KCNK2,2,2.0,0.0,0.21120293847566574,0,Down,-2.934750338802704
S100A9,2,2.0,0.0001846628151925285,0.23735810113519093,0,Up,2.221469423048897
PARP4,2,2.0,0.0030681414651710327,0.2405857740585774,0,Up,1.3189866092952165
CDH3,2,2.0,0.0,0.23373983739837398,0,Down,-2.222974599618037
GRHL2,2,2.0,0.0,0.22954091816367264,0,Down,-2.565005015412295
MAL2,2,2.0,0.0,0.22954091816367264,0,Down,-3.233985630906075
PROSER2,2,2.0,0.008695652173913044,0.22704837117472854,0,Up,1.8097589967118255
DNER,2,2.0,0.00445830734040341,0.24287222808870115,0,Up,2.134218765521532
NBL1,2,2.0,0.00014440014345083646,0.18326693227091634,0,Up,1.72087761086816
ALOX15,2,2.0,0.008695652173913044,0.16106442577030813,0,Down,-1.4914072672649663
PLA2G4C,2,2.0,0.017315359787355232,0.19150707743547044,0,Up,1.617449627630002
PNOC,2,2.0,0.0,0.17651573292402148,0,,
NFATC1,2,2.0,0.0,0.27413587604290823,0,Up,1.6888172362468543
E2F7,2,2.0,0.015601335883280066,0.25109170305676853,0,Down,-1.2161117223718492
FAM83H,2,2.0,0.0032577443474588567,0.20034843205574912,0,Up,1.3980498174876832
RABL2B,2,2.0,0.0,0.1937657961246841,0,Up,1.2336090249086438
WWP2,2,2.0,0.003610000245321168,0.21062271062271062,0,Down,-1.1808145197240176
SMC4,2,2.0,0.008695652173913044,0.14180024660912455,0,Down,-1.0459070084765705
PPM1L,2,2.0,0.017315359787355232,0.16487455197132617,0,Down,-1.9785470359082475
TNIK,2,2.0,0.004674898369028125,0.1658255227108868,0,Up,1.761895879792301
UBE2F,2,2.0,0.034326941332827036,0.17306245297215953,0,Up,1.1260460442709923
MYL12A,2,2.0,0.0,0.2178030303030303,0,Up,1.2486231500342193
TNNT1,2,2.0,0.0,0.2178030303030303,0,Up,2.6390512611749206
SEMA5A,2,2.0,0.0,0.20535714285714285,0,Down,-1.5563480488375971
MAMLD1,2,2.0,0.0,0.27710843373493976,0,Up,2.016434155635986
PDE10A,2,2.0,0.005924831445557197,0.16546762589928057,0,Up,2.4840191951006894
PDE4A,2,2.0,0.0013724657173762853,0.1498371335504886,0,Up,1.7281015119461298
KCTD17,2,2.0,0.008695652173913044,0.11477045908183632,0,Up,1.1560821134073127
EFHD2,2,2.0,0.004620786453842441,0.22885572139303484,0,Up,1.6319098355257868
CDC42EP3,2,2.0,0.008695652173913044,0.24704618689581095,0,Up,1.4438687788093756
MVP,2,2.0,0.0019561349097146664,0.23092369477911648,0,Up,2.2210947348009524
DLX3,2,2.0,0.0008195688032407231,0.185334407735697,0,Down,-1.5441949977413687
FAM169A,2,2.0,0.0,0.18653690186536903,0,Down,-1.151106994857624
KBTBD8,2,2.0,0.017315359787355232,0.12943162633652222,0,Down,-1.1456521781204818
COMMD2,2,2.0,0.025859122840326564,0.1481958762886598,0,Down,-1.1069939009981442
CHPF2,1,1.0,0.0,0.14250309789343246,0,Up,1.139848029808989
DDIT4,1,1.0,0.0,0.19166666666666668,0,Up,1.640382850276195
ARSA,1,1.0,0.0,0.21821631878557876,0,Up,1.409924094903822
PHLDB2,1,1.0,0.0,0.22094140249759847,0,Up,3.168930212754562
PLEKHG5,1,1.0,0.0,0.22094140249759847,0,Up,1.4726185382221366
SMKR1,1,1.0,0.0,0.1921470342522974,0,Up,1.365774843649518
ARHGDIG,1,1.0,0.0,0.22660098522167488,0,Up,1.025492302449884
HSPA4L,1,1.0,0.0,0.21455223880597016,0,Down,-1.2384981707039922
UBE4A,1,1.0,0.0,0.21455223880597016,0,Down,-1.023378837436296
MMP16,1,1.0,0.0,0.2089009990917348,0,Down,-2.742667559833644
NFASC,1,1.0,0.0,0.20535714285714285,0,Up,1.8662268699043505
APBA2,1,1.0,0.0,0.20535714285714285,0,Up,2.127793579212357
FUT9,1,1.0,0.0,0.1658255227108868,0,Down,-2.0935815157237
VAX2,1,1.0,0.0,0.18210609659540775,0,Down,-1.00816068007731
PAIP2B,1,1.0,0.0,0.1403294691885296,0,Down,-1.17692700380763
STRIP2,1,1.0,0.0,0.18548387096774194,0,Up,1.2538923850164778
PTPRN2,1,1.0,0.0,0.20246478873239437,0,Up,2.0104037983368097
SPRY4,1,1.0,0.0,0.18473895582329317,0,Up,1.9548781725487083
GPD2,1,1.0,0.0,0.16061452513966482,0,Down,-1.260390774336798
DDAH1,1,1.0,0.0,0.2155576382380506,0,Down,-1.2390493094147776
CDKN2C,1,1.0,0.0,0.1776061776061776,0,Down,-1.149025378810545
RAB36,1,1.0,0.0,0.1625441696113074,0,Up,1.4410704921914002
FBXL16,1,1.0,0.0,0.18518518518518517,0,Up,2.415148442423243
FREM2,1,1.0,0.0,0.19279128248113997,0,Down,-2.437899535944512
MED13L,1,1.0,0.0,0.2344546381243629,0,Down,-1.2673797706918848
FAM167A,1,1.0,0.0,0.22954091816367264,0,Up,1.814151347887333
TBXAS1,1,1.0,0.0,0.1388050694025347,0,Up,1.0454661515798604
WNK2,1,1.0,0.0,0.22526934378060726,0,Up,1.4261488691432838
GRINA,1,1.0,0.0,0.22265246853823814,0,Up,1.6021572171732523
MBNL3,1,1.0,0.0,0.23541453428863868,0,Down,-2.001419212857911
AGTRAP,1,1.0,0.0,0.17638036809815952,0,Up,1.2521435718689429
ABCG1,1,1.0,0.0,0.19776440240756663,0,Up,1.5273160345822268
HMGCLL1,1,1.0,0.0,0.19776440240756663,0,Down,-1.4325810802744978
ULK1,1,1.0,0.0,0.19591141396933562,0,Up,1.2073310768281822
TGIF1,1,1.0,0.0,0.24312896405919662,0,Up,1.1421095095138485
STRA6,1,1.0,0.0,0.18210609659540775,0,Up,2.1495181972376214
PLS1,1,1.0,0.0,0.22660098522167488,0,Down,-1.430112489018822
ANP32E,1,1.0,0.0,0.1242571582928147,0,Down,-1.1101666085793231
GSTO2,1,1.0,0.0,0.22704837117472854,0,Down,-1.3220307299723506
UBE2H,1,1.0,0.0,0.17202692595362754,0,Up,1.0848542515753616
RAET1L,1,1.0,0.0,0.23735810113519093,0,Up,1.0454236342252283
TET1,1,1.0,0.0,0.2368692070030896,0,Down,-1.6732053961575566
KCTD20,1,1.0,0.0,0.10300044782803404,0,Down,-1.0546607746141408
MYCL,1,1.0,0.0,0.2368692070030896,0,Down,-1.0367869994611305
TMEM51,1,1.0,0.0,0.19827586206896552,0,Up,1.3998383245281072
TCF19,1,1.0,0.0,0.20871143375680581,0,Down,-1.2174707391498882
PERM1,1,1.0,0.0,0.18138801261829654,0,Up,1.1348712754622805
C4orf19,1,1.0,0.0,0.18548387096774194,0,Down,-1.6145157042091067
NOX5,1,1.0,0.0,0.16323633782824698,0,Up,1.2621803729187244
BTC,1,1.0,0.0,0.21256931608133087,0,Up,1.8379317691258157
MDGA1,1,1.0,0.0,0.19491525423728814,0,Up,1.2777168956429823
ADAMTS9,1,1.0,0.0,0.20871143375680581,0,Up,2.108648048412858
