gene,score,direction,meanLFC,LFC_GSE130437,LFC_GSE222367,LFC_GSE229235,consistent
MAPK8IP2,9.259781124852923e-06,Up,3.638495769287529,3.0581879650378356,3.3304729389352214,4.52682640388953,True
MYO5B,5.143034232315554e-05,Down,-2.800623808238562,-1.4173993153672744,-4.27142753162437,-2.7130445777240424,True
ADGRB1,8.135557085083722e-05,Up,3.20851132248295,1.0896551885123347,4.1206412870814875,4.415237491855027,True
DDX60L,0.00016055965418738282,Up,2.854446669954678,4.136275719950859,0.8283612251477457,3.59870306476543,True
KLF13,0.0001785522554394317,Up,2.992894551189336,1.7603693302816357,1.9139932626943617,5.304321060592011,True
SPTSSB,0.00029274596779560805,Down,-3.881435988700927,-1.391876151421305,-5.989186740329026,-4.263245074352451,True
TMSB10,0.00036646384450862306,Up,1.8561903807641225,1.0798669129350162,2.550480964420289,1.938223264937062,True
MMP16,0.00036646384450862306,Down,-2.742667559833644,-1.9170866776186222,-2.1557661848856435,-4.1551498169966665,True
PLEKHA7,0.0005144032921810698,Down,-1.7014174728000349,-1.112966996608892,-2.574471552041226,-1.4168138697499861,True
NCKAP5,0.0006282001587813621,Down,-2.010891961215237,-2.626052970043956,-2.0612256443553694,-1.345397269246386,True
FADS3,0.0006652184237688716,Up,1.9892120422709947,0.223595971683541,3.1063874694693334,2.6376526856601092,True
DOC2B,0.0006784019404340158,Up,2.05911852129152,1.6482726416695903,1.908683130094867,2.6203997921101023,True
IGFBP3,0.0007320048768039009,Up,2.4336439283687374,5.016962119436294,2.0414636892135025,0.24250597645641572,True
PID1,0.0008081707641593383,Up,2.2947032145459927,1.3449590719227782,3.322920143171299,2.216230428543901,True
ABCG2,0.0009389006446891782,Down,-2.3868952434578854,-1.9413762609022944,-2.249411727068763,-2.969897742402598,True
PARP12,0.0010457209522775266,Up,2.0202715614393654,2.807576436285954,1.233308520971373,2.0199297270607697,True
RNF152,0.001173061289669825,Down,-2.7949008883130477,-1.2891891116161498,-3.6028389099977574,-3.4926746433252354,True
RIPPLY3,0.0013113099409019452,Down,-1.4739717356577067,-1.846258381426762,-2.4157541209977915,-0.15990270454856553,True
CASP4,0.0013113099409019452,Up,2.1653040194828908,3.137132701355051,0.6581383772288151,2.7006409798648057,True
ISG15,0.001441851354450139,Up,3.7141444860954436,2.7421007021133588,3.5179853754734793,4.8823473806994935,True
TET1,0.0014552651911253376,Down,-1.6732053961575566,-1.556701749730194,-0.2637155111438231,-3.199198927598652,True
SLC1A1,0.0014638906703354432,Up,3.27712751828877,5.134612354257614,0.9284991407982721,3.768271059810423,True
MAL2,0.0014638906703354432,Down,-3.233985630906075,-0.3038676078275093,-7.296606577270285,-2.1014827076204314,True
SH3TC1,0.0014735227017204904,Up,2.6292525445616315,1.2739152637037572,2.6049075484506465,4.008934821530491,True
LAMB1,0.0015490095167072291,Up,2.711807104225579,2.9096480241680354,2.5339698919256026,2.691803396583099,True
MYADM,0.0016290875603135343,Up,2.1639012322969946,0.6945576345018739,1.2872446535595983,4.509901408829512,True
MARCKS,0.0016882616493099855,Up,2.762182714983265,4.521650553489169,2.8276507740704497,0.937246817390177,True
EYA2,0.001774519271652862,Up,1.9318880217581045,0.8957953056729654,0.9346398690424284,3.9652288905589197,True
OASL,0.0017796827580553723,Up,2.6298454328882137,2.7884438037956447,2.98296367456674,2.1181288203022564,True
LGALS3BP,0.0017858186303022629,Up,4.43322897736369,4.1725570380099715,2.762742551777079,6.364387342304021,True
CDH3,0.0018056504851114998,Down,-2.2229745996180372,-1.4477791462777763,-2.693992505330916,-2.527152147245418,True
VTCN1,0.0018476259582090922,Down,-2.286540531136041,-0.8796014592823589,-3.8813456331418066,-2.098674500983957,True
ALDH1A3,0.0019104742597145286,Up,2.3364382935866743,2.6769380119481454,3.27481851300624,1.0575583558056376,True
TCF19,0.001931654930603286,Down,-1.2174707391498882,-1.7128873683083576,-0.5174892335207693,-1.4220356156205383,True
CFB,0.0019529511877285832,Up,3.0268207268952207,4.688306578043932,4.085908200656236,0.3062474019854938,True
NMD3,0.0020175332827821186,Down,-1.1004729102595372,-1.769245781075425,-0.1694170126230536,-1.3627559370801328,True
GRHL2,0.002195657390281706,Down,-2.565005015412295,-0.5863408474062674,-6.672767658604324,-0.4359065402262938,True
FBXL16,0.002240312062639934,Up,2.415148442423243,2.052624331828275,2.8000074319098798,2.3928135635315737,True
PLAT,0.0022743561115795906,Up,3.3276725633690383,4.47730366591375,1.7933516192770433,3.712362404916321,True
LGALS1,0.0024426840272102936,Up,2.52899181288435,2.1046658446837636,2.535202751852894,2.947106842116392,True
ECM1,0.002468306379194704,Up,2.1995740202561787,2.658618947545137,1.785385273375356,2.154717839848042,True
ITGA5,0.002474622342328213,Up,3.275832633588115,0.8304939430573703,5.366378134944822,3.6306258227621533,True
HMGCLL1,0.0025005854809375264,Down,-1.4325810802744978,-1.2665993166650567,-1.9306779795822797,-1.1004659445761569,True
FUT9,0.0025471611722647676,Down,-2.0935815157237,-2.3705766674231246,-3.304399304878789,-0.6057685748691864,True
PLA2G4C,0.0025659854916604604,Up,1.6174496276300019,1.5577446392513397,1.1355844808669209,2.159019762771745,True
MKNK2,0.0026325159845996355,Up,1.264154921135331,1.1281629749695121,0.9207428372702618,1.7435589511662184,True
CEP112,0.002775952832360401,Up,1.817949851848845,1.647965643081124,1.8666624176152884,1.939221494850122,True
ATRNL1,0.002796859502581634,Down,-1.5223174020090173,-1.7397941300238784,-0.819080257721408,-2.008077818281766,True
DDX60,0.002821992765206986,Up,3.208493821835489,4.47099398751967,1.6027999366300028,3.551687541356793,True
TPM1,0.0029273050463297706,Down,-1.2318116354388189,-2.6631273195350937,-0.17194231721768657,-0.8603652695636764,True
APOL6,0.0029273050463297706,Up,2.744898578040772,4.543437967420252,1.2294521422844757,2.4618056244175888,True
SKAP2,0.0030043945305520195,Down,-1.3962855907660776,-0.7645794549472438,-1.6623980879530607,-1.7618792293979286,True
SHANK3,0.0030838995979169588,Up,2.1490831351933037,0.39468656839170474,3.082267427699303,2.9702954094889034,True
NMNAT2,0.0030838995979169588,Up,2.1190087302455036,3.0004683519699054,3.1127394322235933,0.24381840654301248,True
KCTD20,0.0031533462990554475,Down,-1.0546607746141408,-0.6444177589699603,-0.9156241595488773,-1.6039404053235844,True
CDK14,0.0031647083266532995,Up,2.725525578712802,2.108423461084882,4.2577854389881455,1.8103678360653788,True
ZNF251,0.0031989727937929103,Up,1.1790156376350545,1.0396435122100627,0.9453898155711273,1.552013585123973,True
ANKRD18B,0.0033384887136520217,Down,-1.779249920764807,-1.7508567856228732,-1.8245875334768313,-1.7623054431947167,True
KCNH2,0.00337003328126509,Up,2.177315430834082,1.4400209651243725,2.7220458698626517,2.3698794575152204,True
APOL2,0.003401775930286534,Up,1.8887114550299078,2.176118568964526,1.2811805254474962,2.2088352706777012,True
TMCC3,0.00349819856553223,Up,1.8759260890298843,1.7226991142148418,1.134072503076689,2.7710066497981223,True
HELZ2,0.0035634820955782534,Up,3.0700025030692473,1.9478854793189275,1.3980009227490684,5.864121107139745,True
COL5A1,0.003658833648166715,Up,4.2462326680306335,0.256015965092498,8.14890498146295,4.333777057536453,True
TMPRSS13,0.003658833648166715,Down,-2.6176849097767168,-0.692792548787106,-5.8752907312691365,-1.284971449273908,True
FAM83A,0.0037048959452516015,Up,2.657071226001753,1.5212523719214477,2.336832526608762,4.113128779475049,True
L2HGDH,0.0037133289373419308,Down,-1.0084995884709713,-1.0936592458910095,-1.0494996064675974,-0.8823399130543075,True
PLEK2,0.003972308173075736,Up,1.1169660948725737,1.049209795029166,0.9376176318638515,1.364070857724704,True
PPM1L,0.003972308173075736,Down,-1.9785470359082475,-0.8333045654298913,-3.4531840784504455,-1.6491524638444053,True
UBE2F,0.004043346293521025,Up,1.1260460442709925,0.6049892003834175,1.0763052663491772,1.6968436660803832,True
IRF1,0.004061237180434851,Up,2.0120454109315173,2.170228777541355,1.5547910621364458,2.311116393116752,True
IL4R,0.004090738187519048,Up,2.4979306698559665,0.9026360590486048,1.555376466193872,5.035779484325423,True
GPR155,0.004420737950346655,Up,1.1022481392078787,1.0785551986503992,1.1602955234882717,1.0678936954849652,True
RASSF2,0.004652178058068002,Up,1.5593925745905513,1.426194713411899,0.9373503744177165,2.314632635942038,True
TMEM51,0.00488142372091955,Up,1.3998383245281072,0.7731729529535311,0.8948048210791975,2.531537199551593,True
PODXL2,0.004922045624810451,Up,1.7143542361628274,0.6622188035839477,1.3688431716297924,3.112000733274743,True
NUAK2,0.004973139118306654,Up,1.6785939451319214,1.2077781888132764,2.2182890736548915,1.6097145729275966,True
MEGF6,0.004983400062361035,Up,2.408626909609605,0.6093919394403648,2.7114573481989215,3.9050314411895277,True
RSAD2,0.005121533727955566,Up,2.394202382931046,4.962596378692091,1.0257836214027756,1.194227148698272,True
NRARP,0.005362262839492589,Down,-1.4542479052429036,-0.5471708592499186,-1.5779103685721225,-2.23766248790667,True
EFHD2,0.00569842269549569,Up,1.6319098355257868,0.6153385596641712,2.459958419160539,1.8204325277526507,True
SLC37A3,0.005771076814598337,Up,1.1507350074233593,2.1339978345964803,1.1738321071855122,0.14437508048808506,True
RABL2B,0.005852705225281632,Up,1.2336090249086438,0.013851858808298218,0.13483387333242988,3.5521413425852035,True
E2F2,0.005885149339971316,Down,-1.3690225153559223,-1.557755953508622,-1.1299544062684246,-1.4193571862907204,True
DTX3L,0.005954689439089994,Up,1.372290041988436,1.461828029646204,0.08627017766794162,2.568771918651162,True
MPZL3,0.00633038071149135,Down,-1.7997517583355964,-0.019739203135197718,-3.3684711109595296,-2.0110449609120615,True
OPRL1,0.006356060441664112,Up,1.0091929016300487,0.8171240316560621,0.7945982574611087,1.4158564157729758,True
CREB3L1,0.006522454515861129,Up,3.8045273013416163,5.03483470267559,3.4374191379388153,2.9413280634104444,True
RHOBTB3,0.006583757707144898,Down,-1.7603418305786906,-3.047924843595145,-1.1621200106110336,-1.0709806375298938,True
PTCH1,0.006756659393662797,Up,1.0626426436548224,1.5770302041577398,1.2965032812503454,0.31439444555638213,True
KNDC1,0.006902353343940222,Up,2.1135590095546557,2.3953994768326896,1.6382548020898664,2.3070227497414106,True
SARDH,0.006953513260128313,Up,1.5471843315065221,0.9330028593906408,1.4335999683493978,2.274950166779528,True
OSBPL5,0.007035017135327816,Up,1.9424114216854376,1.0430337556875555,1.8655974090994993,2.918603100269258,True
VAX2,0.007108508532957932,Down,-1.00816068007731,-0.7109414569703975,-1.1619234094284632,-1.1516171738330692,True
GUCY1B1,0.007314691183232443,Up,2.031324013777086,4.136615051031312,0.96336081440927,0.9939961758906757,True
FAM83B,0.007358600184548139,Down,-2.2717431600493474,-0.6433565319015618,-4.669535845118647,-1.5023371031278332,True
RNF144A,0.007438777935652628,Up,2.190061003904426,0.626077311812141,3.021484507514538,2.9226211923865995,True
LIF,0.0076500305564899925,Up,1.9627441760209194,1.4161904293892567,3.9406991961296782,0.5313429025438228,True
EPHA6,0.007834521968646192,Down,-1.6466905843207567,-0.7216520528026829,-2.147587038249036,-2.0708326619105506,True
FERMT2,0.00790310059603043,Down,-1.115272847610298,-1.6064497878657136,-0.12929335469056483,-1.6100754002746156,True
PER3,0.00790414113048142,Down,-1.3916921128258977,-1.3954268497166216,-1.5532520659696907,-1.2263974227913808,True
PSD3,0.008333838990182125,Up,1.4474974849751556,2.140498761263528,0.13396618343448552,2.068027510227454,True
GON7,0.008388518978064932,Down,-1.0696507177863934,-0.894686380340601,-1.1081436124073099,-1.2061221606112695,True
LFNG,0.008490638964369688,Up,2.544095817224042,0.7138156890558189,1.6526162665707675,5.265855496045541,True
UBE4A,0.008637957378197727,Down,-1.023378837436296,-0.8750885487674966,-1.4576216158772364,-0.737426347664155,True
DCLK1,0.008667624063408269,Up,2.337747248172709,0.6599098117532597,2.7990647912582194,3.554267141506647,True
ID1,0.008686478041413379,Up,2.0255616274018755,2.6260397175379624,3.1882935948007374,0.26235156986692604,True
PLEC,0.008771992275635535,Up,1.991564390746409,1.3881353043245963,2.436383382344266,2.150174485570364,True
NFATC1,0.008776201156828697,Up,1.6888172362468545,0.10104670171405503,0.5237174780635985,4.44168752896291,True
SORT1,0.008816976764000756,Down,-1.734232251857964,-0.6912451094809547,-3.2504729073706344,-1.2609787387223026,True
PLXNA3,0.00901368703565291,Up,1.0141331154335766,1.3728307120026615,0.6429306089634564,1.0266380253346121,True
ZNF746,0.009090116989575507,Up,1.0636978282412182,0.7544020453881479,0.7448097787500768,1.6918816605854297,True
CHPF,0.009228777419197073,Up,1.294315940073094,1.4397703557639563,0.9835039959396477,1.4596734685156771,True
XK,0.009228777419197073,Down,-1.5205846027045358,-0.6656856731508093,-2.347195357244917,-1.548872777717881,True
GPR153,0.009244270606932092,Up,1.3996462292711687,0.9255392222446625,1.5599854215325326,1.7134140440363108,True
CD63,0.0093844903173586,Up,1.155268628927767,1.0828705413362605,0.7967106461893847,1.5862246992576556,True
CMPK2,0.00950677767371156,Up,2.3770259283520705,3.634573366408197,1.2832023472206244,2.2133020714273903,True
ULK1,0.00950677767371156,Up,1.2073310768281822,0.2327699527560677,0.5057761551658143,2.8834471225626648,True
APBA2,0.00950677767371156,Up,2.127793579212357,0.7631068357650969,3.9811642571867254,1.6391096446852473,True
IRF7,0.009526120834717499,Up,1.479133377076278,1.422805030009332,1.0357947318196057,1.9788003693998968,True
IRF5,0.009834470784609174,Up,1.844725398373783,1.4749346172392026,0.7887431730723444,3.2704984048098016,True
FARS2,0.00986211818188387,Down,-1.0924000740247504,-0.8822777672566332,-0.8667611612619468,-1.528161293555671,True
ZNF532,0.00992700033100614,Down,-1.5815967298634377,-0.8776747887861625,-1.505414475357739,-2.3617009254464114,True
NOL4L,0.009943265210894624,Up,1.3237607587151605,0.8914946905103154,1.3493125774580605,1.7304750081771059,True
KIF1A,0.010168368352278878,Up,2.9098084085196665,3.273243726714743,2.5280084520926835,2.928173046751574,True
C2CD2,0.010237235223567023,Up,2.369867285543677,0.44865787935945517,3.252419970799566,3.40852400647201,True
ZNF112,0.010237235223567023,Down,-1.1302670960625678,-2.33221961044095,-0.46175101406733854,-0.5968306636794147,True
WNK2,0.010272304540119855,Up,1.4261488691432838,0.85381239729492,1.1438668811203223,2.2807673290146084,True
ASPHD2,0.010405926349797926,Up,1.146518987736469,0.8846376587516555,1.0676919051189122,1.4872273993388394,True
ZNF862,0.010507704653422895,Up,1.0784718786835854,1.2504570801293742,0.022259022777609418,1.9626995331437727,True
ADAMTS15,0.010654797768377258,Up,1.940445216575067,1.3179859121270114,0.49155262511386477,4.011797112484325,True
CRYBG1,0.010830953556511536,Down,-1.88565191969247,-1.9964573155742127,-2.3367972852764525,-1.3237011582267446,True
GJA3,0.010967573816082165,Up,1.6366069430078516,1.2207012375128792,3.6494192154624923,0.0397003760481838,True
CASP8,0.010967573816082165,Up,1.4726497048976315,1.1994607139914137,0.033570441751285575,3.184917958950195,True
MPZL2,0.011073946759793311,Down,-2.6131007257061865,-0.7580587490914421,-4.931743892478913,-2.149499535548204,True
NAT8L,0.011102058265062702,Up,1.3459579445361405,1.4668087502961906,2.524159527997975,0.04690555531425606,True
GSTO2,0.01123205996941618,Down,-1.3220307299723506,-0.9278526587720237,-1.2649840341395784,-1.7732554970054497,True
NES,0.011354409148712613,Up,2.223838391451436,1.7996214434248141,2.4091961981100924,2.462697532819401,True
SETBP1,0.011480993764717052,Down,-1.3876031163797984,-1.3533888185312182,-1.0091368208075429,-1.800283709800634,True
DNER,0.011697793460944067,Up,2.1342187655215317,1.309419516780738,3.9450344248648856,1.1482023549189715,True
SERPINB6,0.011971414343274887,Up,1.2479026524992636,0.8030906377079348,0.7007546022597756,2.2398627175300803,True
MOB3A,0.01212803154971277,Up,1.1942900865488315,0.434187170188353,1.7121677611450112,1.4365153283131304,True
STUB1,0.012437781647519991,Up,1.1465174569415115,1.067777150033113,0.6878877387159552,1.6838874820754661,True
UBE2H,0.01249754771557941,Up,1.0848542515753616,1.2805679545036517,1.616929984509588,0.3570648157128454,True
MLLT3,0.012570500765049526,Down,-1.914068043576812,-0.8014289246140927,-2.402366003874072,-2.5384092022422715,True
DDIT4,0.01276479132201944,Up,1.640382850276195,1.8412487207151191,2.5683275765984117,0.511572253515054,True
SERPINA1,0.01292645771861943,Up,2.9004459874352952,2.4516404381135577,2.1755837287730144,4.074113795419312,True
F2R,0.013157875946456465,Up,2.7340493192668,0.9321209729077716,5.898444118902508,1.3715828659901201,True
BMP7,0.013566060960457479,Up,2.444385861456505,0.46772591673645747,4.299478300887742,2.5659533667453154,True
SEL1L3,0.01415492625853389,Up,1.3611567718766546,0.44881487794031594,1.238479698642048,2.3961757390476,True
RAET1L,0.01425536821819462,Up,1.0454236342252285,1.2228799293253632,1.6333464418305863,0.28004453151973635,True
RDX,0.014361866372256117,Down,-1.6822054912400874,-1.9234098391246313,-1.3710871551375865,-1.7521194794580441,True
MAMLD1,0.01440349494456692,Up,2.016434155635986,1.0388147990824532,2.381604014707349,2.628883653118156,True
PHLDB2,0.014425921599953768,Up,3.168930212754562,0.13987853624381202,6.140248395518207,3.226663706501666,True
MED13L,0.014425921599953768,Down,-1.2673797706918848,-1.795117898639476,-1.8439376974712758,-0.16308371596490215,True
CCDC71L,0.014617482757600858,Up,1.5233386856809625,0.20931289936913552,3.5936046401217094,0.7670985175520426,True
STK26,0.014633890676910125,Down,-1.1191084511136797,-0.9156566789922896,-1.1762379923217048,-1.265430682027045,True
PAIP2B,0.014676043000566135,Down,-1.17692700380763,-0.44731937079147815,-2.0278112328069633,-1.0556504078244489,True
NOX5,0.014697149482954011,Up,1.2621803729187244,1.3395039823060837,0.5519273691640545,1.8951097672860353,True
FAM167A,0.01495200771868288,Up,1.814151347887333,2.221456325783106,1.378146154985634,1.8428515628932587,True
COMMD2,0.015117978168806334,Down,-1.1069939009981442,-0.9775221178461687,-0.6644714921165396,-1.6789880930317245,True
IL18,0.015231410381431536,Up,1.6869895348419963,2.1134728153511575,1.4867928670181436,1.4607029221566887,True
APOL1,0.01534710780950275,Up,2.3236237337968064,4.273024929083874,0.8704421865997357,1.8274040857068097,True
SOX8,0.015352159513462065,Up,2.11864563171586,1.4859179877789395,1.8852694364534304,2.98474947091521,True
FAM114A1,0.015756334599515486,Up,1.3342501925246377,1.3860512526725184,1.0547923323281243,1.5619069925732703,True
CDC14B,0.015766177058492155,Up,1.2433410102710634,0.12484061979188574,1.7757854823203143,1.8293969287009901,True
ZNF45,0.015956248130145522,Down,-1.090967417034073,-1.5468972404315247,-0.7177850601317457,-1.0082199505389486,True
TGIF1,0.01597856455786549,Up,1.1421095095138483,0.5684573997581469,0.8414715259407003,2.0163996028426974,True
IER3,0.016225420072528866,Down,-1.375548530947034,-1.2835800772333905,-0.8997507904196842,-1.9433147251880274,True
PLCH2,0.016225420072528866,Up,1.4429140632070112,0.6828626131507312,0.9033047067212365,2.742574869749066,True
PLS1,0.016270574276918214,Down,-1.430112489018822,-0.8081602447898858,-2.7879925147479336,-0.6941847075186461,True
IFITM3,0.016429273609764292,Up,3.1094416962602005,1.597810505849267,3.701394910972919,4.029119671958417,True
STRIP2,0.016488341420193404,Up,1.2538923850164778,0.3309571109936579,2.279667652178999,1.1510523918767765,True
NEDD9,0.016488341420193404,Down,-1.7368347291748023,-0.19227292454066894,-2.9166946058488255,-2.101536657134913,True
UBA5,0.016543259839401112,Down,-1.1300246507554161,-1.5817111882652768,-1.0239607521449334,-0.7844020118560381,True
NRBP2,0.016589001545808023,Up,1.1455208888348927,1.242169056265503,1.2124775335438547,0.9819160766953204,True
AREG,0.016680737752657125,Up,2.5587977562521664,3.7910106900133305,1.1402381910651918,2.7451443876779775,True
SLC4A3,0.016703724526301377,Up,1.4716512721798365,0.9864039560819036,2.0946292740940144,1.3339205863635917,True
LMF1,0.01680600125440133,Up,2.1687403463777044,1.0842358308369167,0.15905968600953033,5.2629255222866655,True
ERGIC1,0.016888379422460333,Up,1.2136250052835633,0.9613494750052782,1.22342286883309,1.4561026720123218,True
KIF5C,0.016978486167225616,Up,1.906220723041587,2.1993713952585057,1.7980775005240823,1.7212132733421737,True
SLC4A2,0.01707439019980904,Up,1.0409708943235545,0.8844938920002694,0.9168861551829767,1.3215326357874173,True
TRAF1,0.01709773712939432,Up,1.383338246691807,0.6850327628155802,0.9229424546051769,2.542039522654664,True
NBL1,0.01719133767287931,Up,1.72087761086816,0.8679761535613886,2.8254596280485282,1.4691970509945627,True
IFIT2,0.017238265775327253,Up,1.9089371730957971,2.683239654176237,1.933456372582721,1.110115492528434,True
TESK2,0.017474187694486963,Down,-1.4656142592306,-0.6033865975386378,-2.901048417720169,-0.892407762432994,True
ABTB1,0.017569155898650768,Up,1.3164291574741587,0.8008537391411673,1.2162477311572255,1.9321860021240833,True
SP100,0.017789789804040796,Up,1.5830516570210837,1.9705703844628577,0.947282646792901,1.831301939807492,True
SEMA3B,0.01802495589686928,Up,1.8900600224953141,1.079212846583448,1.6649843847686112,2.9259828361338838,True
TNNT1,0.01812190749188011,Up,2.6390512611749206,2.254239840097526,1.833177662259488,3.829736281167748,True
OSBPL6,0.018194848892636725,Up,1.3378903054151614,1.0368903653078168,1.2271439305127354,1.7496366204249325,True
ITGA10,0.018234232141919937,Down,-1.3572700916547378,-0.007234630476759933,-1.7187313494787895,-2.3458442950086638,True
KCNK2,0.0182644192186735,Down,-2.934750338802704,-5.5923890831745275,-2.1807459595117207,-1.0311159737218631,True
JCAD,0.018292408196913645,Up,1.3119683517022311,0.8826220399854443,1.5069773780089053,1.5463056371123434,True
CAPN15,0.01841484693649215,Up,1.0665301160570042,1.025520666423822,0.7809110684622849,1.3931586132849059,True
ADAMTS19,0.01855493748262522,Down,-2.3102634231363575,-2.1167807831116994,-3.7371028710320493,-1.0769066152653235,True
ADAMTS17,0.018878345518603262,Up,1.2207234032853134,1.1865836245302515,2.020589917040712,0.454996668284977,True
SLC35F6,0.018960069962152465,Up,1.3474579061084961,1.170673697238356,1.229198668301394,1.6425013527857388,True
PIP4P2,0.01906034337308219,Up,1.0164575695013216,0.686678477573506,1.182855311952533,1.1798389189779261,True
PCDHB8,0.019135780000922843,Down,-1.5805861743050464,-0.7954031534046548,-2.007525029519495,-1.9388303399909896,True
TTLL3,0.019160969703704317,Up,1.0556324599147542,0.7179620900703135,0.7297089703687965,1.719226319305153,True
USP54,0.019337916860065706,Down,-1.037741259138303,-0.41924223635269375,-2.069032979396576,-0.6249485616656393,True
ARHGDIG,0.019669416851259617,Up,1.025492302449884,0.5491546252068872,1.622341004569841,0.9049812775729241,True
S100A9,0.0197223617798159,Up,2.221469423048897,2.849910145433937,1.2946131130069818,2.5198850107057726,True
CDKN2C,0.0197223617798159,Down,-1.149025378810545,-1.981406745533242,-0.8317115535192335,-0.6339578373791596,True
PGBD5,0.0197223617798159,Up,1.8574736304952149,1.7358686141405535,3.6408238832582955,0.19572839408679535,True
RGS16,0.02000468384750021,Down,-1.7487884286281965,-1.3462927637405027,-2.9063140099994795,-0.993758512144607,True
MYL12A,0.02010860407587716,Up,1.2486231500342193,1.0391026602510656,0.8451031576586648,1.8616636321929279,True
ID3,0.020317522975854464,Up,1.2433702201215302,0.781763989714115,1.8266169774612997,1.1217296931891754,True
LMCD1,0.020396239077388082,Down,-1.5914430193472837,-1.5750754248137397,-2.176467771404686,-1.0227858618234253,True
IFIT3,0.021179829015325162,Up,2.0950633297990313,3.341722191600906,2.227079816360286,0.7163879814359014,True
AIF1L,0.021492486686914544,Down,-1.4710512174089445,-0.6354985394435626,-2.66347672397396,-1.1141783888093109,True
SMKR1,0.021562616223852242,Up,1.365774843649518,1.6321106948231876,0.7414329700534379,1.7237808660719287,True
PLEKHG5,0.021574207081264365,Up,1.4726185382221366,1.5257808030690923,0.8957075948402115,1.9963672167571058,True
DCPS,0.021628802265221313,Down,-1.1354287121660838,-0.8103545358744078,-1.3680822537822528,-1.227849346841591,True
PERM1,0.021656134362578145,Up,1.1348712754622803,0.5304142876625786,0.6370013140855384,2.2371982246387243,True
MAP2K3,0.021903160143814673,Up,1.1275565287802098,0.7559312759919887,0.8756928976814822,1.7510454126671582,True
WNT5A,0.022190266808762595,Up,1.613246126102905,1.0414413048565199,3.009176078220636,0.7891209952315593,True
HSPA4L,0.02262732733187411,Down,-1.2384981707039922,-0.844272510044816,-1.6546599295379634,-1.2165620725291972,True
NACC2,0.02263682100269794,Up,1.3985731941267632,0.21072682295233316,0.7803949016948374,3.2045978577331184,True
OSMR,0.022796678769829107,Up,1.5357823235000196,0.5300153730862665,2.6378085283556145,1.4395230690581777,True
RFTN1,0.022881670442602357,Up,1.7345890970408844,2.320850527309204,1.0074711132255525,1.8754456505878963,True
PYGL,0.023023792214382662,Up,2.020875940350503,1.0201723952773047,2.5411554077856278,2.5013000179885765,True
ADAMTS9,0.023327493350808713,Up,2.108648048412858,1.793755049643103,3.3647137180801896,1.1674753775152804,True
FAM169A,0.023453686048551876,Down,-1.151106994857624,-1.441463979591756,-1.1120797264966331,-0.8997772784844829,True
KIF26A,0.023743234479204754,Up,1.7828906763781633,0.4479668279275456,3.1365604235610682,1.764144777645876,True
WWP2,0.024093337819430856,Down,-1.1808145197240176,-0.36933770215273404,-0.7722647902950618,-2.400841066724257,True
UNC5A,0.024182010154693748,Up,2.637990912927399,1.107903964766245,3.5458948165447546,3.2601739574711965,True
MFSD6,0.02419835186927043,Up,1.424845840814725,1.675414069348673,0.6765017062377668,1.922621746857736,True
IER5L,0.024211452533956297,Up,1.05660214163467,0.36972983287913,0.9323565382790783,1.8677200537458019,True
APLP1,0.024359022949093565,Up,1.9583933068890296,2.4958948571458066,1.2633548316171217,2.115930231904161,True
NUAK1,0.024787447811874072,Up,1.394996056366334,0.056530409121430654,1.3993241874291698,2.729133572548401,True
TUBB3,0.024821418063025062,Up,2.398001919776893,0.7121373239039935,5.129043945621634,1.3528244898050514,True
TBXAS1,0.02492525841819979,Up,1.0454661515798604,0.8648304803983683,1.1273286368989959,1.144239337442217,True
RAB11FIP5,0.025015458301008618,Up,1.4167159877093216,1.367094970685296,1.8606226426354162,1.0224303498072527,True
MBNL3,0.025159090240099116,Down,-2.001419212857911,-1.2091404142785553,-4.122398415079613,-0.6727188092155655,True
GAB2,0.025166274565984758,Down,-1.6269559381656977,-0.45793662656688916,-3.0802694647920057,-1.3426617231381985,True
SPESP1,0.025469723181228306,Up,1.437865217317583,0.6143982243871401,1.7626035485912412,1.9365938789743677,True
ZNF234,0.02554937954302055,Down,-1.1072279205788773,-1.7898467289297963,-0.6056014367463988,-0.9262355960604367,True
SNX7,0.02554937954302055,Up,1.6869895003521087,0.07652712890734632,4.139200975730961,0.8452403964180185,True
TOX2,0.025591782350343283,Up,1.9647510490368807,0.36840886214739577,3.6484889646652903,1.8773553202979558,True
PDE10A,0.025683582199692356,Up,2.4840191951006894,1.0955636999248326,2.903966744983654,3.452527140393582,True
TICAM1,0.026145875683240317,Up,1.1596302852378289,0.5730770424875649,1.152383740639905,1.7534300725860168,True
TNIK,0.026277222269104394,Up,1.761895879792301,3.3514316145538414,1.2089675919580334,0.725288432865028,True
IFITM1,0.02636618697658171,Up,2.1242457717491874,2.490256390479406,3.017955355547933,0.8645255692202238,True
SAMD11,0.026739367785736975,Up,2.0890596239914334,0.7478648324199221,1.167566571758988,4.3517474677953905,True
ATP5MG,0.02734177383253597,Down,-1.007705472005724,-0.922866102051342,-0.7106072267240753,-1.3896430872417547,True
SVIL,0.027405706247435515,Up,1.1184050025623689,0.39011381606194506,0.5558142849162322,2.4092869067089295,True
TMEM163,0.027405706247435515,Up,1.1051098692037131,1.138703814767286,0.777461801105238,1.3991639917386152,True
IFI6,0.02744465036201585,Up,3.040671813871839,3.4175531490574587,0.9894798292869138,4.714982463271144,True
CD24,0.027565973130623696,Down,-2.0881451143880105,-0.5775313206911742,-3.202147040168592,-2.484756982304266,True
FARP1,0.027630254425703347,Down,-1.1476150337609206,-1.0403913176541881,-0.6522719011809379,-1.750181882447636,True
MVP,0.027678446464422822,Up,2.2210947348009524,2.9190826060219193,2.7900663201311473,0.9541352782497915,True
EGFL7,0.027888378925177322,Up,1.931757809817402,1.0835114263197514,1.9298415369236113,2.7819204662088435,True
PTPRH,0.027920757070853362,Up,1.4026151802460296,1.8738554568619894,1.3534341537493788,0.98055593012672,True
DEPP1,0.027991653301411342,Up,1.900602075951886,1.3441409447323827,3.5158837127665907,0.8417815703566845,True
ZNF347,0.027991653301411342,Down,-1.4815620430335068,-1.212082848455289,-2.6519487169128864,-0.5806545637323451,True
FREM2,0.028460038020756858,Down,-2.4378995359445117,-1.1544104902111303,-3.9239042685569068,-2.235383849065497,True
ZNF217,0.02857359353376316,Up,1.5191481587390694,0.58091475571232,1.5228569298332224,2.4536727906716664,True
PGGHG,0.02857359353376316,Up,1.3809205044901398,1.2049310734433005,1.6483043756568851,1.2895260643702333,True
LAMA3,0.02857359353376316,Up,1.2772984677596775,0.6277549167180296,0.4490615747434899,2.755078911817513,True
ARG2,0.02886167628340544,Down,-1.021150086679027,-0.314322628397635,-1.07567115225132,-1.6734564793881264,True
SMC4,0.02918740582806492,Down,-1.0459070084765703,-2.464738414012481,-0.1927860761208082,-0.4801965352964216,True
HLA-A,0.029663667362270336,Up,1.1991751245101496,1.6555373112347753,1.922840363131664,0.019147699164009643,True
DLX3,0.029906315866961478,Down,-1.5441949977413687,-1.8178275220183315,-2.5546478692627015,-0.26010960194307303,True
STAT1,0.029914654929896735,Up,1.8530381721905693,1.073910607918857,0.49352758043303746,3.9916763282198136,True
GNG4,0.029914654929896735,Up,2.4391043271910315,0.29492132118373077,4.53375766298584,2.488633997403524,True
PTHLH,0.02997751097622249,Up,1.208051698381023,1.6900772379971243,0.40576291248881047,1.5283149446571342,True
N4BP3,0.030231318312324954,Down,-1.4330545070055278,-1.425823882205734,-2.600706393290494,-0.2726332455203558,True
AGL,0.030558586961216605,Down,-1.0786156016541693,-0.5947972580153084,-1.4836371101331236,-1.157412436814076,True
BBC3,0.030558586961216605,Up,1.1517967067998331,1.1844464001915265,1.0878749407396588,1.183068779468314,True
BTC,0.030641785335939385,Up,1.8379317691258155,3.7177723282048976,1.3757876276003829,0.4202353515721661,True
ZNF227,0.030869232881418247,Down,-1.0369699957850695,-1.26623440765025,-0.7088228332860795,-1.135852746418879,True
SPRY4,0.030886362344483227,Up,1.9548781725487083,1.0314112722412228,3.021366113525632,1.8118571318792702,True
MICAL1,0.031133734463041407,Up,1.2991611443693454,1.8567567875578,1.598818136354457,0.4419085091957791,True
NRP2,0.031216401451385566,Up,1.8649202864151733,1.4602990926241595,2.826594577827413,1.3078671887939473,True
STRA6,0.03153193978927836,Up,2.1495181972376214,0.7657689821997604,4.154747603310825,1.528038006202279,True
MYCL,0.03167265482108528,Down,-1.0367869994611303,-0.9128541307606156,-0.9529663738991299,-1.2445404937236455,True
SAMD9,0.032095690099405515,Up,2.0891208973276605,2.9781227191570396,0.6367949544515605,2.652445018374381,True
KIAA1549L,0.032095690099405515,Up,1.9460346369475612,0.38379121862036025,4.239516491457902,1.2147962007644209,True
MECOM,0.03216845338382529,Down,-1.7620767960637973,-1.1137539695139957,-3.2749609415227643,-0.8975154771546313,True
RAB36,0.0323467703481682,Up,1.4410704921914002,0.3836406556546862,2.467220535188965,1.472350285730549,True
DDAH1,0.03281347576056064,Down,-1.2390493094147776,-0.6764589615918429,-2.2072425744775828,-0.8334463921749069,True
FAM111B,0.03288567260105988,Down,-1.5444116187907102,-2.1524746124910497,-1.7281755301838087,-0.7525847136972719,True
KCNMA1,0.032957975263219176,Up,1.9242284956277576,2.364865419556837,0.9832931500867268,2.4245269172397093,True
NLRC5,0.033102898362504574,Up,2.010260869914335,2.254350724388707,1.8916983911813707,1.8847334941729275,True
HMGCS1,0.033175518954623916,Down,-1.3937391773739005,-0.617603955501317,-2.789496176161368,-0.7741174004590168,True
GPD2,0.03328464886385807,Down,-1.2603907743367981,-1.113283361430351,-2.2525208784451216,-0.41536808313492196,True
MICALL2,0.03339401783084828,Up,1.3901933202051664,0.7478781005630386,0.8201928572048931,2.6025090028475675,True
TNFAIP3,0.03348795178909042,Up,1.766384686585484,0.9562467434686305,3.2895176858449484,1.0533896304428727,True
GNG12,0.03354021543985283,Up,1.235717439981621,0.4148135686854648,1.3474055581003426,1.9449331931590559,True
BIN1,0.033549120195959944,Up,3.220148976537365,0.39234333945144756,6.373688082116957,2.894415508043692,True
SYDE2,0.033830950620125144,Down,-1.1984213400398684,-1.4232370602295459,-2.0407793555645664,-0.13124760432549346,True
CDC42EP3,0.033830950620125144,Up,1.4438687788093756,1.3202687200917875,2.9780050807884386,0.033332535547900784,True
PROSER2,0.03394445768643071,Up,1.8097589967118257,0.5678493227344412,3.210910167355375,1.6505175000456613,True
METTL26,0.034092256279118875,Up,1.1172487789915397,0.8182875771842226,1.05112229071801,1.4823364690723868,True
L1CAM,0.03424048327322547,Up,2.667723363872789,0.47906849275080476,3.7979787839249597,3.7261228149426024,True
PTPRN2,0.034275657268362965,Up,2.0104037983368097,3.185182076942682,0.07092159455097591,2.7751077235167707,True
CAND2,0.034275657268362965,Down,-1.0613391968163222,-0.12144678619937917,-0.14144319788696913,-2.921127606362618,True
MDGA1,0.03435193503018885,Up,1.2777168956429825,0.5300302415727024,1.367730125340244,1.9353903200160008,True
CHST1,0.03443520856050599,Up,1.7046147170196166,1.407670223869604,1.9276043962386868,1.778569530950559,True
JUNB,0.034500913218588,Up,1.19553969620181,1.2289773738161212,0.9157583540261742,1.441883360763135,True
PRR5L,0.0350020757030993,Up,1.50240017415885,0.9928180707725467,3.0520134668666214,0.4623689848373824,True
METRN,0.03510113323536054,Up,2.4967638322818457,1.01496180085795,1.4572675930916879,5.018062102895899,True
HAGHL,0.035403836281275886,Up,1.26605444669148,1.1464277207209048,0.8766546504348403,1.775080968918695,True
CHPF2,0.03567012476909133,Up,1.139848029808989,1.0640800179969898,1.735709965771704,0.6197541056582732,True
TSNARE1,0.03570827463192378,Up,1.1549034001033385,0.6412630889475993,0.8464434523242579,1.9770036590381581,True
HOXA3,0.03572837550985603,Down,-1.0864261845294627,-0.21757231079464914,-0.1293915643443936,-2.9123146784493454,True
NME3,0.03572837550985603,Up,1.9446110345438683,0.057424990373950546,0.7317143939361234,5.044693719321531,True
ZNF284,0.036014453247089115,Down,-1.0634338376013879,-1.3106823256917923,-0.5433824451613032,-1.3362367419510677,True
MCOLN2,0.036206700813453355,Down,-1.0378444937862519,-0.6695466374264017,-0.8911574019833618,-1.5528294419489919,True
NNT,0.03645648539591451,Down,-1.4719384634799848,-0.779343965292659,-3.004314304422722,-0.6321571207245736,True
GOLM1,0.036593245974451016,Up,1.6236038304838611,2.8480710399860767,0.9506396468639522,1.0721008046015543,True
BIK,0.03686545816970542,Up,1.47845030286539,1.7664988834724555,0.9568307894891909,1.712021235634523,True
LPIN2,0.03698253257904076,Up,1.5473942787039154,0.3898780042177438,1.397233736644653,2.855071095249349,True
CWF19L2,0.03721742446454401,Down,-1.0217488825202967,-0.8140377637434898,-0.8049238714463037,-1.4462850123710969,True
BAIAP3,0.037690187826313185,Up,1.339713947683005,0.949204434117127,0.3710468828535607,2.6988905260783276,True
ALOX15,0.03790656325911937,Down,-1.4914072672649663,-0.31436885010104654,-3.891148394940836,-0.26870455675301647,True
PCLO,0.03792806348739757,Down,-1.3852413741596639,-0.7253016189817918,-2.651539402443136,-0.7788831010540641,True
ELK3,0.03820684758166364,Up,1.7879268373416446,0.6246841001599802,3.7256825095540935,1.0134139023108595,True
SNED1,0.03828675033917493,Up,1.3790501051066784,1.311289712413998,1.008430486075462,1.8174301168305755,True
B2M,0.03862406699880468,Up,1.0592723907324497,1.2818737459116654,1.1666729906339475,0.7292704356517363,True
GPSM2,0.03892998657015374,Down,-1.0280003909555575,-1.303520510994415,-0.8824486298134876,-0.8980320320587695,True
KDELR3,0.03926747967025554,Up,1.4503028631835126,1.3560642548317792,0.29590003383378366,2.6989443008849747,True
RGS11,0.03933564487244677,Up,1.2714188331929632,0.6166430425660712,0.9846172778088982,2.21299617920392,True
KAZN,0.03966219301410025,Up,1.2405440276151027,0.4945536822255397,1.6908751669762085,1.5362032336435596,True
OPTN,0.039822993225926556,Up,1.2796833884575527,1.6252847595154236,1.6746799547800086,0.539085451077226,True
LY6E,0.039908286583426975,Up,2.0434144253203557,1.1915474287111367,0.5934797964802992,4.345216050769632,True
RAMP1,0.040083683705301125,Up,3.2165001979831005,0.3141517133836147,6.2892434786945115,3.046105401871175,True
MNS1,0.04011414047681522,Down,-1.1464056551864743,-0.9866571678199476,-1.5505503357152888,-0.9020094620241864,True
FAM83H,0.04080915338743884,Up,1.3980498174876832,0.9300802026656022,0.3635376927367312,2.9005315570607157,True
PSMB10,0.04111209739623595,Up,1.0571555490319386,1.0842692253354373,0.6920425830215032,1.3951548387388752,True
SH2D5,0.041133587039764934,Up,1.4264957595004841,1.0017815204987666,3.1351928632510293,0.1425128947516563,True
SEMA5A,0.04119599960996154,Down,-1.5563480488375971,-0.7737075385504318,-2.583581108347256,-1.311755499615104,True
STEAP3,0.04225442742937016,Up,1.2060934959053797,1.1915386422624852,1.1069903412054654,1.3197515042481884,True
EPCAM,0.042259737109952455,Down,-1.9677055488776605,-0.11192273459711878,-5.4664523576491755,-0.32474155438668756,True
DPAGT1,0.04265603077332499,Down,-1.0423179941343388,-0.12731510715638397,-1.493505757191265,-1.5061331180553672,True
BCAM,0.042682823245441794,Down,-1.2909782828527692,-0.9131377720181763,-1.8007878763294494,-1.159009200210682,True
UBE2E2,0.042752053842359895,Up,1.2221400023930336,1.7494732154640236,1.6795521022743307,0.2373946894407466,True
GPR173,0.04276884839239936,Up,1.308727523459437,1.1311669954147836,1.0448800394262476,1.75013553553728,True
DGAT1,0.04294440678962206,Up,1.0591942200655728,1.6089118944967478,0.08680545391503991,1.4818653117849307,True
NFASC,0.04294440678962206,Up,1.8662268699043505,2.2470432324914786,1.8037084200787517,1.547928957142821,True
SDC3,0.043027617195698004,Up,1.4455006559623438,0.48151770432468,1.685901889857252,2.169082373705099,True
TNFRSF25,0.04333033937843957,Up,1.1705065960805838,1.015020224951914,0.5695147360031618,1.926984827286676,True
IFI44,0.043504733629229096,Up,2.80488141170326,3.914267619606438,2.566874177478195,1.9335024380251458,True
PDE4A,0.04411705674812264,Up,1.7281015119461298,0.4148795652420995,2.751225177312086,2.018199793284204,True
PLEKHN1,0.044161012630061176,Up,1.6365686947629643,0.8060358662390751,1.0467766026749326,3.0568936153748854,True
ANP32E,0.04443472373462451,Down,-1.1101666085793231,-2.670455185350438,-0.04561862953146864,-0.6144260108560629,True
CST3,0.044469521586910206,Up,1.2767374557546698,0.5849217553982583,0.7496187588778639,2.495671852987887,True
KLF4,0.0447794640378326,Up,1.3175958869866264,0.7253590868876221,2.2729618435259327,0.9544667305463245,True
TMEM178A,0.04515948225917061,Up,1.216470144347378,2.3626455490006384,0.6973378877374765,0.5894269963040188,True
TNS1,0.04535888592811341,Up,1.1667824108285592,0.7503861400003332,1.6356427382167584,1.114318354268586,True
FRRS1,0.045482153114831586,Down,-1.2045471429676937,-1.1043908457825118,-2.2470876781979032,-0.2621629049226668,True
JPH3,0.04577940187628047,Up,1.3591913474129764,1.1090558307957998,2.0320092443368782,0.9365089671062513,True
E2F7,0.04588412229135622,Down,-1.2161117223718492,-2.5818025212226154,-0.777866851896176,-0.2886657939967561,True
KIFC2,0.04597807612748619,Up,1.5756556028974653,1.704938441449021,0.4035495085514329,2.618478858691942,True
MCOLN3,0.046124104194834044,Down,-1.3158076640431149,-1.0045704098408608,-0.8662812282403863,-2.076571354048098,True
IFIT1,0.046214691607656996,Up,2.7227509259326257,4.396373442447142,1.3854506451621493,2.386428690188586,True
KBTBD8,0.04660864384086844,Down,-1.1456521781204818,-0.3429980285991074,-0.3778008268101599,-2.716157678952178,True
ARHGEF16,0.04660864384086844,Up,2.306435123001678,0.5234203007743564,1.0185165923802522,5.377368475850425,True
BDKRB2,0.046877139043854814,Up,1.665572818335592,2.851163473720049,0.30920654538494907,1.836348435901778,True
AGTRAP,0.04689788073503396,Up,1.2521435718689429,0.9581572425227121,1.5583954324630935,1.2398780406210226,True
ABCG1,0.04707804738753356,Up,1.5273160345822268,1.6197299704461592,0.07755773821757127,2.88466039508295,True
EML5,0.04708119471977053,Down,-1.1298903693419797,-0.46907758122356735,-1.2732563655602764,-1.6473371612420957,True
SNCG,0.04738017053255997,Up,1.7312322070814596,2.3673758593394596,2.487598990468978,0.3387217714359412,True
CDKL1,0.04754156821602351,Down,-1.0162620051795301,-0.5223023840942984,-0.6395055930750958,-1.8869780383691959,True
PKD1,0.04772655465571868,Up,1.0379886258932853,1.176242732987324,1.0140296414522534,0.9236935032402784,True
MFSD2A,0.04805143446749506,Up,1.3266086713865446,0.8954128324186936,0.8106435091490436,2.273769672591896,True
MAML2,0.04837778527203081,Down,-2.141228680084627,-0.6172583884889149,-1.6865932827599148,-4.119834369005051,True
ZDBF2,0.04849575657095386,Up,1.0801604735350514,0.894251208006823,1.87935097742099,0.4668792351773412,True
ADAM8,0.048597780785943887,Up,1.726884618238022,0.2901800064562218,1.0517834539116795,3.8386903943461643,True
GRINA,0.04878149769023539,Up,1.6021572171732525,0.9643764282126861,0.3181998698763792,3.5238953534306923,True
SP110,0.048904460152097866,Up,1.5252641182562001,2.2275934945997116,0.4706519282347196,1.8775469319341695,True
KCTD17,0.04903491315005393,Up,1.1560821134073127,0.7118780084760072,1.3812588891243582,1.3751094426215724,True
C4orf19,0.04910941847011222,Down,-1.6145157042091067,-0.8745839488729783,-3.9076285906058033,-0.06133457314853878,True
PARP4,0.04910941847011222,Up,1.3189866092952163,0.24699285050148945,1.8506105220857474,1.8593564552984119,True
ARSA,0.04917649606510253,Up,1.409924094903822,1.320368021282894,0.46535634881840393,2.4440479146101683,True
TTYH3,0.04950791549854057,Up,1.3608459574544298,0.715996764675485,1.8721487824469178,1.4943923252408866,True
SERPINF2,0.04984082063941224,Up,1.335707229212377,1.1607906397954129,1.4084237146471301,1.437907333194588,True
