compound,vina_kcal_mol,seconds
"phosphotyrosine (crystal ligand)",-4.583,12.5
"palbociclib",-5.634,34.8
"NICOTINE",-3.675,3.0
"NALIDIXIC ACID",-5.382,4.9
"SULBACTAM",-4.513,3.5
"TAZOBACTAM",-5.253,9.6
"CIPROFLOXACIN",-5.527,11.8
"NORFLOXACIN",-5.492,10.4
"AMPHETAMINE",-3.443,3.1
"ISOSORBIDE DINITRATE",-4.907,6.1
"IMIPRAMINE",-3.385,27.8
"FLUMAZENIL",-4.934,8.7
"DIAZEPAM",-4.085,20.0
"DIETHYLSTILBESTROL",-4.241,13.2
"MECAMYLAMINE",-3.303,2.4
"CARBACHOL",-3.675,3.8
"PHENYTOIN",-5.695,5.7
"CLOMIPRAMINE",-3.308,35.8
"METHOXSALEN",-5.338,3.7
"DICHLORPHENAMIDE",-4.513,6.3
"ETHOXZOLAMIDE",-4.643,6.0
"METHAZOLAMIDE",-4.355,4.0
"ACETAZOLAMIDE",-5.165,4.0
"MAFENIDE",-4.341,5.7
"SULFANILAMIDE",-4.263,3.9
"GUANABENZ",-4.382,4.0
"TRIMETHOPRIM",-4.743,16.6
"ASPIRIN",-4.634,4.6
"SULPIRIDE",-5.150,20.9
"SALICYLIC ACID",-4.502,2.5
"OLSALAZINE",-5.414,17.7
"PROPRANOLOL",-4.472,13.4
"PENICILLIN G",-4.652,14.9
"CIMETIDINE",-4.748,13.5
"VALPROATE SODIUM",-3.741,7.8
"ISOPROTERENOL",-4.739,15.2
"HYDROCHLOROTHIAZIDE",-5.014,10.5
"FUROSEMIDE",-5.381,28.7
"PYRIMETHAMINE",-4.547,11.2
"SULFADIAZINE",-4.641,14.1
"THIAMYLAL",-3.548,13.4
"THIOPENTAL",-3.792,7.5
"TRETINOIN",-5.104,12.4
"METHOHEXITAL",-4.395,7.8
"FLUOXETINE",-4.348,18.9
"SULFAMETHOXAZOLE",-4.873,7.1
"BARBITAL",-4.885,3.0
"CLOZAPINE",-5.131,4.4
"NORTRIPTYLINE",-3.370,27.7
"BUTABARBITAL",-4.975,3.3
"METHARBITAL",-4.312,2.7
"CHLORDIAZEPOXIDE",-3.971,17.9
"CLONAZEPAM",-4.878,26.9
"SULFISOXAZOLE",-5.278,7.5
"BUTALBITAL",-4.814,4.9
"SULFACETAMIDE",-4.426,4.5
"ETHACRYNIC ACID",-4.638,13.2
"GEMFIBROZIL",-4.690,14.3
"MELATONIN",-4.596,8.6
"ONDANSETRON",-4.643,8.5
"METHYLDOPA",-4.596,8.3
"MOLINDONE",-4.580,9.0
"APOMORPHINE",-5.386,4.2
"AMINOHIPPURIC ACID",-4.753,6.3
"NEVIRAPINE",-4.931,5.0
"DRONABINOL",-5.281,10.9
"DOPAMINE",-4.313,4.1
"ISONIAZID",-4.471,2.8
"SOTALOL",-4.575,14.5
"DACARBAZINE",-4.241,4.4
"ADENOSINE",-5.225,9.5
"MORPHINE",-5.572,3.9
"CHLORPROMAZINE",-4.454,11.1
"DESIPRAMINE",-2.904,28.7
"AMINOGLUTETHIMIDE",-4.408,6.2
"PAROXETINE",-4.601,16.8
"LIDOCAINE",-3.770,9.0
"NALOXONE",-5.701,8.3
"AGOMELATINE",-4.776,9.2
"CYCLOPHOSPHAMIDE ANHYDROUS",-3.616,5.5
"CHLORPROPAMIDE",-4.856,8.0
"TIMOLOL",-4.780,22.3
"PINDOLOL",-4.277,12.4
"HYDRALAZINE",-5.531,3.8
"AMPHETAMINE SULFATE",-3.443,3.1
"ZILEUTON",-4.830,7.5
"PHYSOSTIGMINE",-4.626,6.5
"TACRINE",-4.813,3.4
"OZAGREL",-4.574,7.2
"CHLORPHENIRAMINE",-4.201,8.6
"PRIMAQUINE",-4.617,12.9
"MECLOFENAMIC ACID",-5.070,8.5
"CARMUSTINE",-4.238,5.2
"LOMUSTINE",-4.611,6.9
"CYPROHEPTADINE",-5.149,3.7
"INAMRINONE",-4.429,3.8
"IBUPROFEN",-4.399,6.3
"NITRAZEPAM",-4.719,20.7
"METHOXAMINE",-4.193,7.1
"PROPOFOL",-3.838,4.1
"PIROXICAM",-5.448,9.5
"AMDINOCILLIN",-3.162,28.9
"PROGESTERONE",-4.558,5.0
"KETOTIFEN",-3.355,20.7
"CLOTRIMAZOLE",-4.376,15.9
"MITOMYCIN",-5.202,20.6
"FLUCONAZOLE",-5.025,17.5
"ISOTRETINOIN",-5.077,15.1
"NEOSTIGMINE",-4.280,6.1
"REBOXETINE",-4.446,21.8
"CITALOPRAM",-4.373,20.9
"PILOCARPINE",-4.282,11.0
"CARBAMAZEPINE",-4.884,6.2
"VALPROIC ACID",-3.741,8.3
"BENZNIDAZOLE",-5.190,25.0
"MEXILETINE",-3.698,10.2
"FLURBIPROFEN",-4.591,14.5
"PROMAZINE",-4.233,23.6
"ACETAMINOPHEN",-3.752,4.7
"CAFFEINE",-3.891,3.8
"OXAZEPAM",-4.260,37.5
"PROCAINE",-3.953,27.5
"KETOPROFEN",-4.954,18.3
"NITROFURANTOIN",-5.919,10.5
"LORAZEPAM",-4.607,39.6
"BROMAZEPAM",-3.860,25.5
"BIFONAZOLE",-4.622,23.5
"TRIAMTERENE",-4.833,15.3
"FENOLDOPAM",-4.003,55.9
"MENADIONE",-4.169,1.7
"LEVORPHANOL",-4.699,3.2
"EMEDASTINE",-3.233,34.6
"FENTANYL",-4.808,25.6
"LOFEXIDINE",-4.330,6.8
"PHENTOLAMINE",-4.620,11.4
"TOLOXATONE",-4.890,4.4
"ACETYLCYSTEINE",-3.701,3.9
"NALTREXONE",-5.220,9.8
"MOXONIDINE",-4.401,4.2
"PROCAINAMIDE HYDROCHLORIDE",-3.855,11.7
"MEPERIDINE",-4.587,7.2
"LOXOPROFEN",-4.751,9.6
"DEXTROAMPHETAMINE",-3.538,3.2
"IBUDILAST",-4.439,5.2
"TEGAFUR",-4.560,3.4
"LINEZOLID",-5.539,13.2
"ETODOLAC",-5.112,11.8
"THIABENDAZOLE",-4.447,4.0
"NAFTIFINE",-4.266,14.6
"LORMETAZEPAM",-4.144,24.2
"PENTOXIFYLLINE",-4.497,14.0
"AMITRIPTYLINE",-3.577,22.9
"SUMATRIPTAN",-5.024,14.6
"RIVASTIGMINE",-4.161,10.9
"VENLAFAXINE",-4.368,11.5
"ZIDOVUDINE",-5.146,8.6
"VORICONAZOLE",-5.344,22.4
"PROCAINAMIDE",-3.855,10.5
"ATOMOXETINE",-4.352,11.7
"PROMETHAZINE",-4.335,9.8
"TRIMIPRAMINE",-3.143,30.1
"APRACLONIDINE",-3.979,5.4
"CYCLIZINE",-4.393,9.9
"CLONIDINE",-4.083,4.0
"MIRTAZAPINE",-4.833,3.5
"MIDAZOLAM",-5.318,7.7
"ESTRADIOL",-5.011,4.8
"DIPHENHYDRAMINE",-4.032,11.5
"GALANTAMINE",-4.205,17.8
"AMANTADINE",-3.443,2.2
"ALPRAZOLAM",-5.713,6.2
"MAPROTILINE",-4.669,8.6
"ACETYLCHOLINE",-3.427,3.1
"METRONIDAZOLE",-4.364,3.4
"PROTRIPTYLINE",-4.384,10.2
"CYCLOBENZAPRINE",-4.883,8.7
"THIOTEPA",-2.944,2.8
"PARGYLINE",-3.680,3.9
"ALENDRONATE SODIUM",-4.320,10.8
"LEVONORDEFRIN",-4.464,5.9
"EPINEPHRINE",-4.434,6.2
"ETOMIDATE",-4.524,9.3
"DIETHYLCARBAMAZINE",-3.615,3.7
"MEBENDAZOLE",-5.172,12.9
"DICLOFENAC",-4.567,10.5
"MEFENAMIC ACID",-4.912,8.3
"FENTANYL CITRATE",-4.808,26.1
"MANNITOL",-3.992,10.3
"ETHINYL ESTRADIOL",-4.851,5.6
"TRIMETHADIONE",-3.898,1.8
"ETHOSUXIMIDE",-4.194,1.9
"METHSUXIMIDE",-4.808,3.7
"BETAHISTINE",-3.596,3.4
"SULFAPYRIDINE",-4.601,9.0
"BACLOFEN",-4.564,6.4
"MESALAMINE",-4.600,3.7
"ALITRETINOIN",-5.127,15.4
"INDORAMIN",-5.628,20.9
"PHENINDIONE",-4.699,3.8
"ANISINDIONE",-4.864,5.8
"FLUINDIONE",-4.862,4.5
"ENTECAVIR ANHYDROUS",-5.130,7.8
"LAMIVUDINE",-4.841,4.5
"ALBUTEROL",-4.499,10.2
"OLANZAPINE",-4.457,4.7
"MEDAZEPAM",-3.305,16.9
"TERTATOLOL",-4.563,17.5
"THIOGUANINE",-4.154,2.3
"NICORANDIL",-4.867,7.2
"THIOPENTAL SODIUM",-3.792,5.2
"METHOHEXITAL SODIUM",-4.563,8.0
"LAMOTRIGINE",-5.048,6.2
"KETAMINE",-3.877,4.0
"RILUZOLE",-4.615,5.4
"PRALIDOXIME CHLORIDE",-4.314,2.6
"ZONISAMIDE",-4.788,5.1
"ANAGRELIDE",-5.145,3.7
"NAPHAZOLINE",-4.541,5.7
"OXYMETAZOLINE",-4.325,8.3
"GUANETHIDINE",-2.763,19.1
"TOLAZOLINE",-3.761,3.9
"CLAVULANIC ACID",-4.654,4.3
"DEXMEDETOMIDINE",-4.076,3.7
"BUTORPHANOL",-4.758,11.5
"MAZINDOL",-5.323,5.6
"TOLBUTAMIDE",-5.011,10.2
"NATEGLINIDE",-5.390,20.4
"CIDOFOVIR ANHYDROUS",-5.005,15.7
"METHYLPHENIDATE",-4.026,8.1
"ESTAZOLAM",-5.823,6.2
"PHENSUXIMIDE",-4.571,3.5
"MINOXIDIL",-4.569,5.6
"NAPROXEN",-4.725,7.6
"CYTARABINE",-4.592,8.0
"FLUTAMIDE",-4.764,9.2
"MEMANTINE",-3.780,2.5
"SERTRALINE",-4.934,7.2
"PIRACETAM",-4.030,2.9
"TEMOZOLOMIDE",-4.858,3.0
"BROMPHENIRAMINE",-4.250,11.1
"PYRIDOSTIGMINE BROMIDE",-3.668,4.2
"GRANISETRON",-4.764,9.0
"TOLAZAMIDE",-3.886,26.4
"IOBENGUANE",-4.479,4.4
"NIFURTIMOX",-5.723,7.9
"TERBINAFINE",-4.641,16.5
"ENOXACIN",-5.547,9.6
"DEXMETHYLPHENIDATE",-4.832,7.3
"METHYLPROMAZINE",-4.264,12.4
"PRIMAQUINE PHOSPHATE",-4.617,15.1
"EFLORNITHINE",-4.257,6.8
"LOXAPINE",-5.043,3.9
"TICLOPIDINE",-4.449,6.0
"EDARAVONE",-4.199,2.9
"PAMIDRONIC ACID",-4.293,8.1
"RILMENIDINE",-3.464,5.1
"EZOGABINE",-4.890,19.6
"CARTEOLOL",-4.563,20.0
"CHLOROTHIAZIDE",-5.013,6.1
"BRIMONIDINE",-4.589,4.8
"POMALIDOMIDE",-5.145,7.8
"OXAMNIQUINE",-4.762,11.3
"LENALIDOMIDE",-5.134,6.2
"TRICLOSAN",-4.193,6.6
"ZALCITABINE",-4.745,5.1
"TRIPROLIDINE",-4.505,10.9
"MEPHOBARBITAL",-4.950,4.2
"PRIMIDONE",-4.251,3.3
"BIOTIN",-4.799,8.1
"MEPHENYTOIN",-4.829,3.7
"GUANFACINE",-4.916,4.1
"MYCOPHENOLIC ACID",-5.489,20.1
"CANTHARIDIN",-4.524,2.0
"ALENDRONIC ACID",-4.320,10.2
"ETIDRONIC ACID",-4.593,4.7
"TRANEXAMIC ACID",-4.529,3.2
"EMTRICITABINE",-4.935,4.5
"RASAGILINE",-3.918,3.7
"GEMCITABINE",-4.750,7.6
"LACTULOSE",-4.967,26.0
"BUTORPHANOL TARTRATE",-4.758,10.5
"BUPROPION",-4.085,7.4
"DEXTROMETHORPHAN",-4.991,4.2
"DIFLUNISAL",-5.099,7.6
"ORPHENADRINE",-4.225,11.1
"DEXMETHYLPHENIDATE HYDROCHLORIDE",-4.832,6.5
"RIZATRIPTAN",-4.834,13.5
"CHLORPROTHIXENE",-4.331,9.4
"ZOLPIDEM",-4.818,11.5
"FLOXURIDINE",-4.813,6.7
"PHENACEMIDE",-4.461,4.2
"RISEDRONIC ACID",-4.437,11.5
"ZOLEDRONIC ACID ANHYDROUS",-4.585,11.2
"TYROSINE",-4.443,7.0
"LEVACETYLLEUCINE",-4.118,4.7
"DANTROLENE SODIUM",-5.657,12.0
"GLUTAMINE",-4.308,5.0
"METYRAPONE",-4.502,6.6
"DIPHENIDOL",-3.934,20.6
"DIETHYLCARBAMAZINE CITRATE",-3.615,3.0
"GABAPENTIN",-4.057,4.3
"LACOSAMIDE",-4.500,12.0
"TROPISETRON",-5.589,12.2
"PRAMIPEXOLE",-4.137,5.6
"EPALRESTAT",-4.581,11.5
"CHLOROPROCAINE HYDROCHLORIDE",-3.872,15.8
"AMILORIDE",-4.788,4.5
"AZATADINE",-3.706,15.7
"ENTACAPONE",-5.273,14.3
"RIMANTADINE",-3.563,2.9
"LEFLUNOMIDE",-4.580,6.2
"OXYMORPHONE",-5.598,4.9
"DISULFIRAM",-3.193,10.6
"CARBAMOYLCHOLINE",-3.675,3.7
"TEMAZEPAM",-4.169,21.2
"PRAZEPAM",-3.813,30.1
"SELEGILINE",-3.724,7.1
"TERIFLUNOMIDE",-4.827,9.6
"PRAZIQUANTEL",-5.170,10.8
"METHACHOLINE",-3.440,4.1
"GUAIFENESIN",-4.434,8.2
"FENOFIBRIC ACID",-4.916,15.1
"NALMEFENE",-5.131,10.3
"TIPIRACIL HYDROCHLORIDE",-5.236,5.6
"RETINOL",-4.399,11.5
"BUTENAFINE",-4.533,24.5
"ACEFYLLINE",-4.944,6.6
"STAVUDINE",-5.003,5.8
"CLOBAZAM",-4.027,22.2
"LEVOSALBUTAMOL",-4.418,12.8
"CLAVULANATE POTASSIUM",-4.654,4.2
"DOXYLAMINE",-4.286,13.4
"DEFERIPRONE",-4.072,2.3
"LEVODOPA",-4.765,8.6
"VILOXAZINE",-4.331,10.0
"LORACARBEF ANHYDROUS",-5.534,17.9
"XYLOMETAZOLINE",-4.540,7.3
"DEXKETOPROFEN",-4.970,12.6
"TOLMETIN",-5.696,10.2
"NEPAFENAC",-5.161,10.6
"BEXAROTENE",-5.669,15.1
"IFOSFAMIDE",-3.732,6.2
"ISOFLUROPHATE",-3.706,3.9
"ARTENIMOL",-4.476,5.1
"FENOLDOPAM MESYLATE",-4.003,27.3
"MIGLUSTAT",-4.460,8.4
"DICLOFENAC SODIUM",-4.567,10.5
"GUANADREL",-4.756,5.1
"DAPSONE",-5.071,6.5
"CHLORTHALIDONE",-5.653,12.7
"FLUORESCEIN",-5.196,6.2
"PREGABALIN",-4.002,6.3
"RITODRINE",-5.265,22.3
"OXCARBAZEPINE",-3.853,18.6
"MOCLOBEMIDE",-4.304,9.7
"NABUMETONE",-4.455,8.0
"OXAPROZIN",-4.913,16.8
"MEPTAZINOL",-3.195,21.4
"PROCYCLIDINE",-4.085,14.6
"ESLICARBAZEPINE",-3.668,22.9
"ESLICARBAZEPINE ACETATE",-3.745,32.0
"TIZANIDINE",-4.423,5.1
"MASOPROCOL",-5.606,25.1
"MEPIVACAINE",-4.152,6.2
"PHENELZINE",-4.127,3.9
"VIDARABINE",-4.589,10.5
"TRIHEXYPHENIDYL HYDROCHLORIDE",-4.425,15.3
"ARTICAINE",-4.085,14.4
"FELBAMATE",-5.162,10.9
"ETHOTOIN",-4.406,4.1
"AMLEXANOX",-5.013,7.7
"IPRONIAZID",-4.243,4.5
"BUPIVACAINE",-3.947,14.0
"PARAMETHADIONE",-3.854,2.2
"BIPERIDEN",-4.420,16.8
"SULTHIAME",-5.068,7.5
"GLUTETHIMIDE",-4.591,3.9
"FURAZOLIDONE",-5.726,5.3
"EDROPHONIUM",-3.697,3.3
"FELBINAC",-4.929,6.1
"EPINASTINE",-4.817,2.8
"SULFAPHENAZOLE",-4.313,14.2
"ALOSETRON",-5.698,10.1
"AMOXAPINE",-4.973,4.8
"PYRIDOSTIGMINE",-3.668,3.5
"DESVENLAFAXINE",-4.640,8.2
"MINODRONIC ACID",-4.851,19.0
"LEVOMILNACIPRAN",-4.134,9.0
"PENTAZOCINE",-5.119,7.6
"PENICILLIN G SODIUM",-4.652,16.5
"EDROPHONIUM CHLORIDE",-3.697,3.2
"TRIFLURIDINE",-5.313,10.9
"ACITRETIN",-4.752,17.9
"MIGALASTAT",-4.480,4.2
"METHYL SALICYLATE",-4.291,3.0
"TORSEMIDE",-5.034,23.6
"LEVOCARNITINE",-3.715,4.3
"PINACIDIL ANHYDROUS",-4.568,8.5
"NORETHINDRONE",-5.014,4.6
"SPECTINOMYCIN",-4.798,8.5
"AMINOSALICYLIC ACID",-4.728,3.7
"TESTOSTERONE PROPIONATE",-4.848,9.1
"DESLORATADINE",-3.749,19.3
"DULOXETINE",-4.338,14.8
"TISOPURINE",-4.167,2.4
"TETRABENAZINE",-4.437,8.9
"ACETYLCHOLINE CHLORIDE",-3.427,3.4
"ZOLMITRIPTAN",-5.154,16.3
"PHYSOSTIGMINE SALICYLATE",-4.626,7.6
"PHENIRAMINE",-3.782,9.0
"PRILOCAINE",-3.874,9.1
"HEXYLCAINE",-4.280,14.9
"IPRINDOLE",-3.392,30.3
"CIPROFLOXACIN HYDROCHLORIDE",-5.527,13.4
"ETHOPROPAZINE",-3.848,15.1
"CINOXACIN",-5.780,6.5
"PHENYLEPHRINE",-4.373,4.8
"RAMELTEON",-4.967,10.5
"TINIDAZOLE",-4.354,7.7
"PENICILLIN G POTASSIUM",-4.652,14.2
"ACRIVASTINE",-5.061,25.9
"BENZYL BENZOATE",-4.444,7.3
"TRIPELENNAMINE",-4.125,12.0
"SULFABENZAMIDE",-4.974,9.9
"VILDAGLIPTIN",-5.532,15.8
"ISOFLURANE",-3.599,2.8
"ENFLURANE",-3.531,2.9
"CITRIC ACID",-4.577,8.1
"TETRAHYDROZOLINE",-4.387,3.4
"PENTOLINIUM",-3.672,11.4
"NILUTAMIDE",-5.175,9.0
"NARATRIPTAN",-5.021,19.3
"FROVATRIPTAN",-5.635,5.0
"PHENOBARBITAL SODIUM",-5.223,5.1
"IMIQUIMOD",-4.558,5.2
"LEVETIRACETAM",-4.287,3.3
"PENBUTOLOL",-4.293,18.6
"QUINIDINE",-4.748,18.2
"FENOPROFEN",-4.621,9.1
"ACIPIMOX",-4.538,2.9
"QUININE",-5.280,16.8
"HYDROXYSTILBAMIDINE",-5.124,11.1
"ROTIGOTINE",-4.512,15.7
"ANTAZOLINE",-4.316,11.3
"ISOSORBIDE MONONITRATE",-4.941,3.2
"TIOPRONIN",-4.051,4.0
"CARPROFEN",-5.013,7.6
"PROCARBAZINE",-4.319,7.7
"BENORILATE",-5.120,20.6
"CEVIMELINE",-3.681,2.0
"PIXANTRONE",-5.326,19.5
"NITISINONE",-5.332,11.9
"DEBRISOQUIN",-4.540,3.5
"GUANETHIDINE MONOSULFATE",-2.763,18.3
"TILUDRONIC ACID",-4.874,11.1
"SODIUM CITRATE",-4.577,8.9
"AMPICILLIN",-4.749,18.9
"PYRIDOXINE",-4.224,4.1
"CHLORZOXAZONE",-5.167,1.9
"METHYLENE BLUE CATION",-4.137,3.9
"MODAFINIL",-4.536,8.9
"TIAPROFENIC ACID",-5.039,10.1
"ESFLURBIPROFEN",-4.520,9.2
"DEXIBUPROFEN",-4.326,6.5
"CANNABIDIOL",-4.452,17.5
"PROGUANIL",-4.615,5.8
"ABACAVIR",-5.036,14.9
"ESTRIOL",-5.019,5.5
"NORETHYNODREL",-5.136,4.0
"MONOBENZONE",-4.258,6.0
"LEVONORGESTREL",-4.819,5.3
"METHYLTESTOSTERONE",-5.071,4.7
"COCAINE",-4.753,11.6
"ANASTROZOLE",-5.579,12.2
"NITAZOXANIDE",-5.332,14.8
"TRIMETAZIDINE",-4.178,9.4
"ESTRONE",-5.286,3.7
"GLICLAZIDE",-5.609,10.3
"BREXANOLONE",-4.867,5.9
"CICLOPIROX",-4.478,4.9
"TAVABOROLE",nan,0.0
"NEOSTIGMINE METHYLSULFATE",-4.280,5.1
"PRALIDOXIME",-4.139,2.9
"FORODESINE",-5.501,10.2
"SAXAGLIPTIN ANHYDROUS",-5.332,18.2
"TESTOSTERONE",-4.685,4.0
"MERCAPTOPURINE ANHYDROUS",-3.979,2.1
"DIAZOXIDE",-4.452,2.4
"GANCICLOVIR",-4.936,11.4
"ACYCLOVIR",-5.035,6.8
"TELBIVUDINE",-5.245,7.0
"DORZOLAMIDE",-4.689,8.0
"TOPIRAMATE",-5.520,10.2
"TOFACITINIB",-5.263,15.9
"METHSCOPOLAMINE",-4.693,19.9
"NOREPINEPHRINE",-4.426,5.1
"FAVIPIRAVIR",-4.488,3.0
"ZANAMIVIR",-4.660,24.7
"TAZOBACTAM SODIUM",-5.253,8.2
"ETHIONAMIDE",-3.658,2.7
"LETROZOLE",-5.130,9.6
"EFAVIRENZ",-4.826,6.3
"ALOGLIPTIN BENZOATE",-5.118,17.4
"FLUOXYMESTERONE",-4.668,5.4
"ALOGLIPTIN",-5.118,17.5
"NICLOSAMIDE",-5.160,8.4
"MEPHENESIN",-3.828,5.5
"MILRINONE",-5.073,4.1
"ALTRETAMINE",-3.558,4.3
"HYDROCODONE",-5.667,4.1
"ESKETAMINE",-4.163,3.8
"DIDANOSINE",-4.868,6.3
"WARFARIN",-4.797,15.9
"PHENPROCOUMON",-4.619,9.3
"DICUMAROL",-6.272,12.6
"ALLOPURINOL",-4.327,2.1
"PHENYLBUTANOIC ACID",-4.193,5.0
"TIPIRACIL",-5.236,5.7
"TRIOXSALEN",-5.482,2.9
"DANAZOL",-5.221,5.8
"BETHANECHOL",-3.814,4.4
"ALBENDAZOLE",-4.515,8.6
"URACIL MUSTARD",-4.526,7.4
"AZACITIDINE",-4.824,6.7
"TRIHEXYPHENIDYL",-4.425,15.5
"DIPHENYLPYRALINE",-4.443,11.6
"OXYPHENCYCLIMINE",-4.738,27.1
"HYDROMORPHONE",-5.670,3.8
"NIFEDIPINE",-4.778,17.4
"OMEPRAZOLE",-5.537,17.7
"ALMOTRIPTAN",-4.837,19.8
"ESCITALOPRAM",-4.393,18.2
"PROPYLTHIOURACIL",-3.873,2.7
"ZALEPLON",-5.346,11.6
"ENOXIMONE",-5.029,6.8
"ABIRATERONE",-5.118,8.3
"MENTHOL",-3.580,2.6
"DIPHENIDOL HYDROCHLORIDE",-3.934,22.4
"ATALUREN",-5.644,9.9
"MILNACIPRAN",-3.794,10.5
"TAPINAROF",-4.607,9.4
"ETONOGESTREL",-4.567,5.5
"QUINETHAZONE",-5.080,6.7
"DESOGESTREL",-4.718,5.3
"MESTEROLONE",-4.930,4.3
"MOFEZOLAC",-5.111,21.1
"SULFADOXINE",-4.992,14.3
"PENCICLOVIR",-4.400,12.5
"AZATHIOPRINE",-5.450,8.1
"METHYLENE BLUE ANHYDROUS",-4.012,5.7
"BELINOSTAT",-5.616,17.0
"HYDROXYAMPHETAMINE",-3.803,3.7
"THIAMINE ION",-4.625,9.7
"GALANTAMINE HYDROBROMIDE",-4.205,17.6
"ASCORBIC ACID",-4.680,5.9
"DOPAMINE HYDROCHLORIDE",-4.313,4.7
"CAPTOPRIL",-4.387,5.9
"ATROPINE",-5.373,16.0
"MIGLITOL",-4.215,6.9
"DIPHENYLPYRALINE HYDROCHLORIDE",-4.443,12.2
"COCAINE HYDROCHLORIDE",-4.753,14.1
"AMANTADINE HYDROCHLORIDE",-3.443,2.7
"TESTOLACTONE",-5.532,4.4
"ETHINAMATE",-4.292,3.2
"ANISOTROPINE METHYLBROMIDE",-4.139,17.7
"PENTOSTATIN",-4.266,22.8
"THIAMINE",-4.625,9.0
"ACETOHEXAMIDE",-5.425,15.0
"PSEUDOEPHEDRINE",-3.775,4.5
"PANTOTHENIC ACID",-4.288,11.8
"DIHYDROCODEINE",-5.049,5.0
"CEPHRADINE",-5.250,17.9
"NEFOPAM",-3.111,19.1
"PHENYTOIN SODIUM",-5.274,6.7
"NADOLOL",-4.650,22.5
"CLADRIBINE",-4.836,8.4
"DIPHENHYDRAMINE HYDROCHLORIDE",-4.032,13.2
"MEPENZOLATE",-4.425,24.8
"OXYBENZONE",-4.666,6.7
"CLEMASTINE",-4.551,25.2
"GLUCOSAMINE",-4.648,4.1
"HEXYLRESORCINOL",-4.131,7.5
"KETOTIFEN FUMARATE",-3.355,21.9
"GEMCITABINE HYDROCHLORIDE",-4.750,6.8
"RIBAVIRIN",-5.496,7.3
"VOGLIBOSE",-4.221,16.0
"PHENIRAMINE MALEATE",-3.782,8.5
"RISEDRONATE SODIUM",-4.437,10.0
"CHLORPHENIRAMINE MALEATE",-4.201,9.2
"SECNIDAZOLE",-4.268,4.3
"PERFLUTREN",-3.479,2.4
"AMOROLFINE",-4.507,20.0
"MITOTANE",-4.181,5.8
"PROPRANOLOL HYDROCHLORIDE",-4.472,13.1
"TACRINE HYDROCHLORIDE",-4.813,3.1
"IODOHIPPURATE",-4.765,6.2
"SORBITOL",-4.225,8.8
"CARBIMAZOLE",-3.730,3.4
"DEZOCINE",-3.642,15.3
"CRISABOROLE",nan,0.0
"TOLAZOLINE HYDROCHLORIDE",-3.761,3.8
"HYDRALAZINE HYDROCHLORIDE",-5.531,4.2
"IMIPRAMINE HYDROCHLORIDE",-3.385,29.6
"DESIPRAMINE HYDROCHLORIDE",-2.904,26.7
"BUPROPION HYDROCHLORIDE",-4.085,8.2
"MEMANTINE HYDROCHLORIDE",-3.780,2.4
"SOTALOL HYDROCHLORIDE",-4.575,12.8
"MEPERIDINE HYDROCHLORIDE",-4.587,6.5
"ATOMOXETINE HYDROCHLORIDE",-4.352,13.3
"CLONIDINE HYDROCHLORIDE",-4.083,4.2
"NAPHAZOLINE HYDROCHLORIDE",-4.541,5.4
"SERTRALINE HYDROCHLORIDE",-4.934,7.8
"RIMANTADINE HYDROCHLORIDE",-3.563,2.4
"ISOPROTERENOL HYDROCHLORIDE",-4.739,8.1
"CHLORPROMAZINE HYDROCHLORIDE",-4.454,11.7
"KETAMINE HYDROCHLORIDE",-3.877,4.2
"CYPROHEPTADINE HYDROCHLORIDE",-5.149,3.6
"TICLOPIDINE HYDROCHLORIDE",-4.449,7.0
"NALOXONE HYDROCHLORIDE",-5.701,7.3
"OLOPATADINE HYDROCHLORIDE",-4.943,14.2
"PALONOSETRON HYDROCHLORIDE",-5.119,6.8
"METHYLPHENIDATE HYDROCHLORIDE",-4.026,7.8
"MEPENZOLATE BROMIDE",-4.425,22.3
"CEPHALEXIN ANHYDROUS",-5.251,17.4
"METHYLENE BLUE",-4.137,5.4
"CIPROFIBRATE",-4.259,9.9
"FORODESINE HYDROCHLORIDE",-5.501,8.4
"DEXRAZOXANE",-5.590,9.9
"ARTEMETHER",-4.514,5.3
"SODIUM PHENYLBUTYRATE",-4.193,5.8
"FLUTEMETAMOL",-4.341,7.1
"SCOPOLAMINE",-4.957,19.4
"CLOFARABINE",-4.899,11.7
"DYPHYLLINE",-4.831,8.8
"TERBUTALINE",-4.554,9.7
"PROCYCLIDINE HYDROCHLORIDE",-4.085,11.9
"TOCAINIDE",-4.090,4.2
"HYDROFLUMETHIAZIDE",-5.060,7.7
"LEVOMEPROMAZINE",-4.253,17.5
"BETHANECHOL CHLORIDE",-3.814,3.8
"SODIUM ASCORBATE",-4.680,5.4
"CLOPIDOGREL",-5.005,11.1
"CHLORPHENESIN CARBAMATE",-4.447,11.1
"BRIVARACETAM",-4.063,5.8
"METAXALONE",-5.931,7.1
"VARENICLINE",-4.454,3.1
"ROPIVACAINE",-4.603,11.4
"METHYL AMINOLEVULINATE",-4.149,4.4
"PIRBUTEROL",-4.640,11.2
"NIRAPARIB",-5.687,12.0
"BRETYLIUM TOSYLATE",-3.063,3.8
"CLOPIDOGREL BISULFATE",-5.005,10.6
"FEBUXOSTAT",-4.891,11.1
"RUCAPARIB",-4.688,25.9
"CHLOROPROCAINE",-3.872,14.0
"ANISOTROPINE",-4.139,16.9
"OLOPATADINE",-4.943,16.3
"PALONOSETRON",-5.119,7.4
"BRETYLIUM",-3.063,4.3
"SULFISOXAZOLE DIOLAMINE",-5.278,9.0
"ESCITALOPRAM OXALATE",-4.393,19.2
"DULOXETINE HYDROCHLORIDE",-4.338,16.1
"TIZANIDINE HYDROCHLORIDE",-4.423,4.6
"PILOCARPINE HYDROCHLORIDE",-4.282,5.4
"PROTRIPTYLINE HYDROCHLORIDE",-4.384,9.8
"PINACIDIL",-4.568,7.3
"PHENYLEPHRINE HYDROCHLORIDE",-4.373,5.4
"INDECAINIDE HYDROCHLORIDE",-4.406,17.7
"SULFADIAZINE SODIUM",-4.641,8.7
"CYCLACILLIN",-4.631,14.6
"SODIUM PHENYLACETATE",-4.176,3.2
"SULFAMETER",-5.137,10.1
"IOFETAMINE HYDROCHLORIDE I 123",-3.750,5.5
"AMINOHIPPURATE SODIUM",-4.753,5.4
"CEPHALEXIN HYDROCHLORIDE",-5.251,14.8
"BENZOYL PEROXIDE",-5.113,8.7
"EXEMESTANE",-5.202,3.6
"AMPHETAMINE ASPARTATE",-3.443,3.2
"APRACLONIDINE HYDROCHLORIDE",-3.979,5.1
"ACYCLOVIR SODIUM",-4.711,9.5
"ARGININE HYDROCHLORIDE",-4.634,8.5
"BENZTROPINE MESYLATE",-4.537,13.9
"AMPHETAMINE ADIPATE",-3.443,3.2
"BRIMONIDINE TARTRATE",-4.589,4.7
"DOXYLAMINE SUCCINATE",-4.286,13.5
"ORPHENADRINE CITRATE",-4.225,12.9
"BUPIVACAINE HYDROCHLORIDE",-3.947,13.6
"BUTENAFINE HYDROCHLORIDE",-4.533,19.0
"AZATHIOPRINE SODIUM",-5.838,8.8
"DIMENHYDRINATE",-4.032,12.5
"LIDOCAINE HYDROCHLORIDE",-3.770,8.1
"PROCARBAZINE HYDROCHLORIDE",-4.319,7.2
"TETRAHYDROZOLINE HYDROCHLORIDE",-4.387,2.9
"MOLINDONE HYDROCHLORIDE",-4.580,9.6
"MIDAZOLAM HYDROCHLORIDE",-5.318,7.3
"PARGYLINE HYDROCHLORIDE",-3.680,3.7
"METHIXENE HYDROCHLORIDE",-4.563,10.7
"ESTRADIOL ACETATE",-5.465,8.0
"METHYLDOPATE HYDROCHLORIDE",-4.569,10.9
"OXANDROLONE",-5.231,4.2
"QUINIDINE GLUCONATE",-4.748,15.4
"IODOHIPPURATE SODIUM I 123",-4.765,5.1
"MEPIVACAINE HYDROCHLORIDE",-4.152,6.2
"PIRBUTEROL ACETATE",-4.640,13.3
"TRIPELENNAMINE HYDROCHLORIDE",-4.125,13.5
"TILUDRONATE DISODIUM",-4.874,12.8
"POTASSIUM CITRATE ANHYDROUS",-4.577,8.1
"MIDODRINE HYDROCHLORIDE",-4.515,13.5
"OXAPROZIN POTASSIUM",-4.913,15.4
"PROMAZINE HYDROCHLORIDE",-4.233,10.4
"ESOMEPRAZOLE SODIUM",-5.576,19.3
"CYCLOPENTOLATE HYDROCHLORIDE",-4.275,18.8
"ALLOPURINOL SODIUM",-4.579,1.7
"PHENMETRAZINE HYDROCHLORIDE",-4.115,3.2
"ETHACRYNATE SODIUM",-4.638,12.6
"EPINASTINE HYDROCHLORIDE",-4.817,3.4
"NAFTIFINE HYDROCHLORIDE",-4.266,16.1
"GUANFACINE HYDROCHLORIDE",-4.916,5.5
"CYCLIZINE LACTATE",-4.393,10.2
"ALMOTRIPTAN MALATE",-4.837,21.9
"AVOBENZONE",-4.309,21.3
"METHDILAZINE HYDROCHLORIDE",-4.054,9.8
"CEPHALEXIN",-5.251,17.3
"ANTAZOLINE PHOSPHATE",-4.316,12.4
"GUANABENZ ACETATE",-4.382,4.2
"CAFFEINE CITRATE",-3.891,2.5
"MEGLUMINE",-3.977,10.0
"CYSTEAMINE BITARTRATE",-4.622,4.4
"THEOPHYLLINE SODIUM GLYCINATE",-4.330,2.2
"AMINOSALICYLATE POTASSIUM",-4.728,3.8
"OXYMETHOLONE",-5.341,5.1
"PRILOCAINE HYDROCHLORIDE",-3.874,8.8
"CHLOROXINE",-4.251,2.7
"NARATRIPTAN HYDROCHLORIDE",-5.021,19.6
"TROPICAMIDE",-4.110,15.9
"MEXILETINE HYDROCHLORIDE",-3.698,5.1
"PERFLEXANE",-4.057,9.2
"PAROXETINE MESYLATE",-4.601,16.0
"LORACARBEF",-5.534,16.1
"TOLMETIN SODIUM",-5.696,8.9
"CHLOROTHIAZIDE SODIUM",-5.013,5.6
"ETHYLESTRENOL",-4.833,4.5
"CYCLOBENZAPRINE HYDROCHLORIDE",-4.883,8.6
"DEXBROMPHENIRAMINE MALEATE",-4.127,9.7
"ISOSORBIDE",-4.216,2.5
"SEVOFLURANE",-3.548,3.8
"CHLORDIAZEPOXIDE HYDROCHLORIDE",-3.971,18.5
"HYDROXYAMPHETAMINE HYDROBROMIDE",-3.803,3.9
"CLOMIPRAMINE HYDROCHLORIDE",-3.308,30.3
"HEXYLCAINE HYDROCHLORIDE",-4.280,13.7
"PSEUDOEPHEDRINE HYDROCHLORIDE",-3.775,4.8
"DESFLURANE",-3.586,2.8
"CARBIDOPA",-4.703,9.9
"LEVOBUPIVACAINE HYDROCHLORIDE",-4.206,13.6
"PROMETHAZINE HYDROCHLORIDE",-4.335,9.2
"MERCAPTOPURINE",-4.091,1.9
"PYRIDOXINE HYDROCHLORIDE",-4.224,4.7
"AMPICILLIN SODIUM",-4.749,18.8
"ANAGRELIDE HYDROCHLORIDE",-5.145,3.0
"IODOHIPPURATE SODIUM I 131",-4.765,5.7
"METHACHOLINE CHLORIDE",-3.440,3.7
"TRIPELENNAMINE CITRATE",-4.125,10.9
"WARFARIN POTASSIUM",-4.797,15.4
"TOCAINIDE HYDROCHLORIDE",-4.090,4.3
"DEXRAZOXANE HYDROCHLORIDE",-5.590,8.8
"CITALOPRAM HYDROBROMIDE",-4.373,19.0
"DEXTROAMPHETAMINE ADIPATE",-3.538,3.0
"TRICLOFOS SODIUM",-4.151,3.8
"METHYPRYLON",-3.437,2.1
"OXYMETAZOLINE HYDROCHLORIDE",-4.325,8.3
"OXYMORPHONE HYDROCHLORIDE",-5.598,4.8
"CLEMASTINE FUMARATE",-4.551,24.2
"CYCLOPHOSPHAMIDE",-3.616,5.8
"TALBUTAL",-4.744,4.4
"DICLOFENAC POTASSIUM",-4.567,10.3
"NAPROXEN SODIUM",-4.725,7.2
"NORELGESTROMIN",-5.083,7.2
"ACETAZOLAMIDE SODIUM",-5.165,4.4
"ARTICAINE HYDROCHLORIDE",-4.085,12.6
"CYCRIMINE HYDROCHLORIDE",-4.394,13.1
"GLUCONOLACTONE",-4.440,4.3
"TERBINAFINE HYDROCHLORIDE",-4.641,15.8
"DIATRIZOATE MEGLUMINE",-3.977,11.3
"PROCAINE HYDROCHLORIDE",-3.953,12.3
"METHYLERGONOVINE MALEATE",-4.776,15.8
"GANCICLOVIR SODIUM",-4.893,12.6
"HOMATROPINE METHYLBROMIDE",-4.754,16.8
"DYDROGESTERONE",-4.892,4.9
"METYROSINE",-4.454,6.2
"PHENYL AMINOSALICYLATE",-4.843,9.1
"METRONIDAZOLE HYDROCHLORIDE",-4.364,4.2
"TIMOLOL MALEATE",-4.780,22.3
"PHENTOLAMINE MESYLATE",-4.620,11.9
"TOLBUTAMIDE SODIUM",-5.011,9.7
"WARFARIN SODIUM",-4.797,12.9
"DIPHEMANIL METHYLSULFATE",-4.459,8.0
"ALOSETRON HYDROCHLORIDE",-5.698,9.8
"OXYPHENCYCLIMINE HYDROCHLORIDE",-4.738,23.1
"PROTOKYLOL HYDROCHLORIDE",-5.432,29.0
"PHENELZINE SULFATE",-4.127,3.8
"SELEGILINE HYDROCHLORIDE",-3.724,5.5
"TRILOSTANE",-5.173,5.5
"SULFISOXAZOLE ACETYL",-4.829,12.6
"PHENTERMINE HYDROCHLORIDE",-3.327,4.0
"ISOETHARINE HYDROCHLORIDE",-4.611,12.0
"MEBUTAMATE",-4.901,9.3
"DEXCHLORPHENIRAMINE MALEATE",-4.205,11.1
"PENICILLIN G PROCAINE",-4.652,16.7
"THIAMINE HYDROCHLORIDE",-4.625,10.4
"SULBACTAM SODIUM",-4.513,3.7
"TRIMIPRAMINE MALEATE",-3.143,31.5
"METHAMPHETAMINE HYDROCHLORIDE",-3.642,3.7
"METHDILAZINE",-4.054,10.7
"BROMPHENIRAMINE MALEATE",-4.250,8.4
"AMITRIPTYLINE HYDROCHLORIDE",-3.577,25.1
"BROMODIPHENHYDRAMINE HYDROCHLORIDE",-4.222,14.5
"ETHOPROPAZINE HYDROCHLORIDE",-3.848,13.8
"CHLOPHEDIANOL HYDROCHLORIDE",-4.162,10.7
"CARBINOXAMINE MALEATE",-4.005,13.9
"MILRINONE LACTATE",-5.073,4.4
"DEXPANTHENOL",-3.984,10.4
"BUTABARBITAL SODIUM",-4.975,4.3
"METHANTHELINE BROMIDE",-4.503,24.7
"NITROFURANTOIN SODIUM",-5.919,6.7
"CARTEOLOL HYDROCHLORIDE",-4.563,21.8
"OLSALAZINE SODIUM",-5.414,13.7
"PHENAZOPYRIDINE HYDROCHLORIDE",-4.652,7.1
"ORPHENADRINE HYDROCHLORIDE",-4.225,14.1
"GLYCOPYRRONIUM BROMIDE",-4.372,20.1
"RIZATRIPTAN BENZOATE",-4.834,11.9
"BIPERIDEN HYDROCHLORIDE",-4.420,17.1
"EFLORNITHINE HYDROCHLORIDE",-4.257,7.2
"ACRISORCIN",-4.131,7.5
"ETIDRONATE DISODIUM",-4.593,5.0
"DAPIPRAZOLE HYDROCHLORIDE",-5.258,15.9
"PEMIROLAST POTASSIUM",-6.225,4.3
"CIMETIDINE HYDROCHLORIDE",-4.748,9.3
"SULFACYTINE",-5.016,9.7
"PROGUANIL HYDROCHLORIDE",-4.615,5.5
"LOXAPINE HYDROCHLORIDE",-5.043,4.4
"LEVALBUTEROL HYDROCHLORIDE",-4.418,11.6
"THIAMYLAL SODIUM",-3.548,7.1
"VENLAFAXINE HYDROCHLORIDE",-4.368,12.6
"BIPERIDEN LACTATE",-4.420,18.1
"PROPIOMAZINE HYDROCHLORIDE",-4.674,18.9
"SUCCIMER",-3.742,4.9
"TRIMETHOPRIM HYDROCHLORIDE",-4.743,13.6
"FLUOXETINE HYDROCHLORIDE",-4.348,17.5
"DIPHENHYDRAMINE CITRATE",-4.032,12.2
"RIVASTIGMINE TARTRATE",-4.161,11.4
"METHYL AMINOLEVULINATE HYDROCHLORIDE",-4.149,4.7
"METHOXAMINE HYDROCHLORIDE",-4.193,7.1
"METHENAMINE HIPPURATE",-4.638,5.3
"NELARABINE",-5.520,14.6
"METHOCARBAMOL",-5.003,14.5
"KETOROLAC TROMETHAMINE",-5.338,7.9
"IOTHALAMATE MEGLUMINE",-3.977,11.5
"DECITABINE",-4.686,7.5
"IBUPROFEN LYSINE",-4.399,6.2
"RASAGILINE MESYLATE",-3.918,4.2
"NORETHINDRONE ACETATE",-4.794,9.0
"NALTREXONE HYDROCHLORIDE",-5.220,9.8
"SUMATRIPTAN SUCCINATE",-5.024,13.8
"MESTRANOL",-4.731,5.6
"NALMEFENE HYDROCHLORIDE",-5.131,9.8
"ISOETHARINE MESYLATE",-4.611,13.1
"LOXAPINE SUCCINATE",-5.043,4.8
"NORTRIPTYLINE HYDROCHLORIDE",-3.370,23.5
"FENTANYL HYDROCHLORIDE",-4.808,26.0
"MAFENIDE ACETATE",-4.341,4.3
"DORZOLAMIDE HYDROCHLORIDE",-4.689,7.8
"LITHIUM CITRATE ANHYDROUS",-4.577,8.5
"MEDRYSONE",-5.015,8.2
"LEVOBUNOLOL HYDROCHLORIDE",-4.466,19.2
"DICLOFENAC EPOLAMINE",-4.567,11.5
"ARMODAFINIL",-4.285,10.6
"LEVOBUPIVACAINE",-4.206,12.8
"PEMIROLAST",-6.225,4.8
"METHAMPHETAMINE",-3.642,4.0
"BENZTROPINE",-4.537,17.1
"PHENMETRAZINE",-4.115,3.3
"PROPIOMAZINE",-4.674,14.8
"MIDODRINE",-4.515,13.2
"ISOETHARINE",-4.611,12.2
"DAPIPRAZOLE",-5.258,14.8
"CYCRIMINE",-4.394,13.1
"METHYLDOPATE",-4.569,10.9
"MEPHENTERMINE",-3.535,4.3
"METHYLHOMATROPINE",-4.754,15.1
"CARBIDOPA ANHYDROUS",-4.703,10.0
"LEVOBUNOLOL",-4.466,19.1
"INDECAINIDE",-4.406,19.0
"BROMODIPHENHYDRAMINE",-4.222,15.3
"BETHANIDINE",-4.020,4.5
"METHANTHELINE",-4.503,23.8
"LODOXAMIDE",-5.176,13.7
"METHENAMINE",-2.831,1.6
"PROTOKYLOL",-5.432,28.3
"DEXBROMPHENIRAMINE",-4.127,12.6
"DANTROLENE",-5.657,11.4
"ACAMPROSATE",-4.235,4.1
"IOFETAMINE",-3.750,5.1
"CHLOPHEDIANOL",-4.162,10.7
"TRICLOFOS",-4.151,4.1
"METARAMINOL",-4.151,5.0
"ESOMEPRAZOLE",-5.576,16.5
"HEXOCYCLIUM",-4.253,16.5
"GLYCOPYRRONIUM",-4.372,20.5
"CYCLOPENTOLATE",-4.275,16.5
"DIPHEMANIL",-4.459,7.8
"METHIXENE",-4.563,10.2
"MENADIOL DIPHOSPHORIC ACID",-5.412,14.7
"DEXCHLORPHENIRAMINE",-4.205,10.4
"METHYLERGONOVINE",-4.776,16.2
"DESVENLAFAXINE SUCCINATE",-4.640,10.1
"BUPROPION HYDROBROMIDE",-4.085,7.1
"SAXAGLIPTIN HYDROCHLORIDE",-5.332,16.6
"CHOLINE FENOFIBRATE",-4.916,13.9
"ALCAFTADINE",-4.106,22.5
"RUFINAMIDE",-5.305,6.9
"FOSPROPOFOL",-4.680,13.3
"SAPROPTERIN",-4.735,7.1
"SAPROPTERIN DIHYDROCHLORIDE",-5.117,7.8
"TAPENTADOL",-3.660,7.1
"TAPENTADOL HYDROCHLORIDE",-3.660,6.8
"CARGLUMIC ACID",-4.660,6.7
"DIENOGEST",-6.090,6.6
"THEOPHYLLINE GLYCINATE",-4.330,2.3
"CLORAZEPIC ACID",-4.674,22.9
"DEXTROSE",-4.463,4.9
"ESTETROL ANHYDROUS",-4.958,5.9
"DOBESILIC ACID",-4.498,3.0
"TARTARIC ACID",-4.622,4.2
"XYLOSE",-4.180,5.3
"TRAMADOL",-4.095,8.0
"HYDROMORPHONE HYDROCHLORIDE",-5.670,3.3
"TRAMADOL HYDROCHLORIDE",-4.095,9.1
"CALCIUM GLUCEPTATE",-4.182,14.8
"GRANISETRON HYDROCHLORIDE",-4.764,7.6
"MECAMYLAMINE HYDROCHLORIDE",-3.303,2.1
"MAPROTILINE HYDROCHLORIDE",-4.669,8.4
"LEVALLORPHAN",-4.995,5.3
"PIRFENIDONE",-4.185,3.2
"XYLOMETAZOLINE HYDROCHLORIDE",-4.540,6.8
"DEXTROMETHORPHAN HYDROBROMIDE",-4.991,3.8
"EPINEPHRINE BITARTRATE",-4.434,5.7
"TERBUTALINE SULFATE",-4.554,8.3
"PENTOLINIUM TARTRATE",-3.672,9.8
"HOMATROPINE HYDROBROMIDE",-5.190,12.2
"MOLSIDOMINE",-4.880,7.9
"METHSCOPOLAMINE BROMIDE",-4.693,16.3
"RITODRINE HYDROCHLORIDE",-5.265,19.4
"SULFADIAZINE, SILVER",-4.641,8.5
"AMILORIDE HYDROCHLORIDE",-4.788,5.1
"NEFOPAM HYDROCHLORIDE",-3.111,18.1
"NOREPINEPHRINE BITARTRATE",-4.426,6.5
"ALBUTEROL SULFATE",-4.499,12.0
"BETAHISTINE HYDROCHLORIDE",-3.596,3.2
"ORNIDAZOLE",-4.146,5.7
"MEPTAZINOL HYDROCHLORIDE",-3.195,17.7
"CYCLANDELATE",-4.998,11.1
"DOTHIEPIN",-4.447,9.2
"PIPERIDOLATE HYDROCHLORIDE",-4.182,19.6
"ETHAMSYLATE",-4.498,3.1
"EPHEDRINE SULFATE",-3.882,4.1
"SULFALENE",-4.994,9.1
"XANTHINOL NIACINATE",-4.578,15.3
"MECLOFENAMATE SODIUM",-5.070,8.3
"OMEPRAZOLE MAGNESIUM",-5.537,15.7
"GANAXOLONE",-4.707,5.5
"DEBRISOQUIN SULFATE",-4.540,2.7
"IOBENGUANE I 131",-4.479,3.5
"HOMATROPINE",-5.190,10.4
"IPRATROPIUM",-4.604,19.9
"PIPERIDOLATE",-4.182,17.8
"XANTHINOL",-4.578,15.5
"PYRANTEL",-3.913,3.7
"HEXOCYCLIUM METHYLSULFATE",-4.253,14.9
"FLUOROESTRADIOL",-5.119,4.4
"DOXEPIN",-4.337,8.8
"FLUORESCEIN SODIUM",-5.297,11.1
"DOXEPIN HYDROCHLORIDE",-4.337,7.5
"PROCAINE BENZYLPENICILLIN",-4.652,12.5
"FEXINIDAZOLE",-4.667,9.2
"RAMOSETRON",-5.309,8.1
"AVIBACTAM",-5.493,7.3
"CLOTIAZEPAM",-3.765,22.2
"ERDOSTEINE",-4.537,8.9
"ISOMETHEPTENE",-2.956,3.9
"GLUCOSAMINE HYDROCHLORIDE",-4.648,4.8
"DOTHIEPIN HYDROCHLORIDE",-4.447,8.6
"SULFACETAMIDE SODIUM",-4.426,4.4
"LOFEXIDINE HYDROCHLORIDE",-4.330,6.3
"RUXOLITINIB",-5.333,13.6
"RUXOLITINIB PHOSPHATE",-5.333,13.1
"ROPIVACAINE HYDROCHLORIDE",-4.603,11.2
"PERFLENAPENT",-3.753,5.5
"STIRIPENTOL",-4.622,6.0
"FOSPROPOFOL DISODIUM",-4.680,12.9
"HYDROXYSTILBAMIDINE ISETHIONATE",-5.124,9.7
"FLUDEOXYGLUCOSE F 18",-4.383,3.6
"FLUTEMETAMOL F 18",-4.341,5.4
"PHENDIMETRAZINE TARTRATE",-3.969,3.3
"METARAMINOL BITARTRATE",-4.151,4.5
"PHENYLEPHRINE BITARTRATE",-4.373,4.1
"DIHYDROCODEINE BITARTRATE",-5.049,4.8
"LEVALLORPHAN TARTRATE",-4.995,5.5
"VONOPRAZAN FUMARATE",-4.503,16.4
"ACAMPROSATE CALCIUM",-4.235,5.3
"FLUDEOXYGLUCOSE",-4.383,4.9
"SODIUM GLUCONATE",-4.863,5.8
"VONOPRAZAN",-4.503,14.3
"STANOZOLOL",-4.668,4.7
"PENCICLOVIR SODIUM",-4.400,13.2
"LORCASERIN HYDROCHLORIDE",-2.903,7.4
"CLORAZEPATE DIPOTASSIUM",-4.674,25.8
"MAGNESIUM TRISILICATE",-4.344,6.3
"INAMRINONE LACTATE",-4.429,4.3
"AMINOSALICYLATE SODIUM",-4.728,3.4
"FENOPROFEN CALCIUM",-4.621,9.8
"LITHIUM CITRATE",-4.577,7.4
"EMEDASTINE DIFUMARATE",-3.233,35.6
"TOFACITINIB CITRATE",-5.263,15.2
"MORPHINE SULFATE",-5.572,4.6
"TIBOLONE",-5.309,5.0
"TASIMELTEON",-4.413,9.5
"DROXIDOPA",-5.071,9.5
"TAFAMIDIS",-5.079,7.8
"PIXANTRONE DIMALEATE",-5.326,19.3
"EFINACONAZOLE",-5.046,23.6
"INDORAMIN HYDROCHLORIDE",-5.628,20.9
"VORTIOXETINE",-4.512,11.2
"POTASSIUM BITARTRATE",-4.622,4.7
"TAUROLIDINE",-4.939,6.7
"DIVALPROEX SODIUM",-3.741,4.5
"TAFAMIDIS MEGLUMINE",-3.977,11.7
"NOMEGESTROL",-4.999,6.6
"LEVOMILNACIPRAN HYDROCHLORIDE",-4.134,8.5
"BARBITAL SODIUM",-4.885,2.6
"CHLORPHENOXAMINE HYDROCHLORIDE",-4.289,16.0
"CALCIUM GLUCONATE",-4.777,11.1
"EMEPRONIUM BROMIDE",-3.802,13.6
"DEXMEDETOMIDINE HYDROCHLORIDE",-4.076,4.2
"VILOXAZINE HYDROCHLORIDE",-4.331,9.9
"MYCOPHENOLATE SODIUM",-5.489,17.7
"ACEFYLLINE PIPERAZINE",-4.944,5.8
"MEDROGESTONE",-5.555,5.8
"POLIHEXANIDE",-4.009,8.2
"PROTHIPENDYL HYDROCHLORIDE",-4.141,12.8
"DIMETHYL FUMARATE",-3.533,3.3
"MIGALASTAT HYDROCHLORIDE",-4.480,4.4
"VORTIOXETINE HYDROBROMIDE",-4.512,10.1
"FLUTRIMAZOLE",-4.710,13.0
"ARIMOCLOMOL",-4.905,17.5
"NORGESTREL",-4.580,5.4
"AVIBACTAM SODIUM",-5.493,7.2
"TRISILICATE",-4.344,6.5
"TRIMETHOPRIM SULFATE",-4.743,13.5
"BETHANIDINE SULFATE",-4.020,4.2
"CHLORPHENOXAMINE",-4.289,15.4
"EMEPRONIUM",-3.802,17.2
"BUTRIPTYLINE",-3.340,30.1
"PROTHIPENDYL",-4.141,11.0
"IPRATROPIUM BROMIDE",-4.604,23.9
"FROVATRIPTAN SUCCINATE",-5.635,5.5
"EPHEDRINE HYDROCHLORIDE",-3.882,4.5
"ESOMEPRAZOLE STRONTIUM",-5.576,18.5
"ATROPINE SULFATE",-5.373,14.1
"ABAMETAPIR",-4.476,3.1
"CEVIMELINE HYDROCHLORIDE",-3.681,2.0
"ISOMETHEPTENE MUCATE",-2.956,4.0
"QUININE SULFATE",-5.280,17.4
"PENBUTOLOL SULFATE",-4.293,20.2
"ESKETAMINE HYDROCHLORIDE",-4.163,3.8
"OSILODROSTAT",-5.032,4.5
"RELEBACTAM ANHYDROUS",-5.307,12.5
"PEFICITINIB",-5.221,15.3
"DEUTETRABENAZINE",-4.566,8.7
"PEFICITINIB HYDROBROMIDE",-5.221,15.9
"RAMOSETRON HYDROCHLORIDE",-5.309,9.3
"PRAMIPEXOLE DIHYDROCHLORIDE",-4.137,5.6
"GUANADREL SULFATE",-4.756,5.8
"MEPHENTERMINE SULFATE",-3.535,4.2
"ONDANSETRON HYDROCHLORIDE",-4.643,8.7
"ASENAPINE",-4.880,3.1
"APOMORPHINE HYDROCHLORIDE",-5.386,4.2
"TRIPROLIDINE HYDROCHLORIDE",-4.505,10.3
"CEDAZURIDINE",-4.432,8.6
"RELEBACTAM",-5.307,13.9
"VABORBACTAM",nan,0.0
"FLUORODOPA F 18",-4.409,8.7
"BENZPHETAMINE HYDROCHLORIDE",-3.186,11.1
"AZATADINE MALEATE",-3.706,19.1
"DEXTROAMPHETAMINE SULFATE",-3.538,3.4
"ASENAPINE MALEATE",-4.880,3.9
"FLORTAUCIPIR F 18",-4.770,5.7
"BENZPHETAMINE",-3.186,11.0
"FLORTAUCIPIR",-4.770,5.8
"FLUORODOPA",-4.409,9.6
"TRIMETAZIDINE DIHYDROCHLORIDE",-4.178,10.4
"VADADUSTAT",-5.203,13.8
"ABROCITINIB",-5.291,18.7
"QUINIDINE SULFATE",-4.748,17.7
"GLYCOPYRRONIUM TOSYLATE",-4.372,21.0
"OSILODROSTAT PHOSPHATE",-5.032,4.9
"BARBEXACLONE",-3.468,3.7
"RUCAPARIB CAMSYLATE",-4.688,25.6
"ACORAMIDIS",-4.608,19.2
"PAMIDRONATE DISODIUM",-4.293,8.5
"IBUPROFEN SODIUM",-4.399,6.7
"MAGNESIUM CITRATE",-4.577,8.7
"PENTAZOCINE LACTATE",-5.119,7.5
"PENTAZOCINE HYDROCHLORIDE",-5.119,6.9
"IOBENGUANE SULFATE I 131",-4.479,3.2
"PENICILLIN G BENZATHINE",-4.652,16.0
"ISOPROTERENOL SULFATE",-4.739,10.0
"IOBENGUANE SULFATE I 123",-4.479,3.8
"SPECTINOMYCIN HYDROCHLORIDE",-4.798,8.0
"HYDROCODONE BITARTRATE",-5.667,3.9
"PIPERAZINE CITRATE",-4.577,8.2
"LEVALBUTEROL TARTRATE",-4.418,13.4
"TRANYLCYPROMINE SULFATE",-3.724,2.5
"LODOXAMIDE TROMETHAMINE",-5.176,12.6
"MENADIOL SODIUM DIPHOSPHATE",-5.412,15.0
"GLUCOSAMINE SULFATE",-4.648,5.3
"FLURBIPROFEN SODIUM",-4.591,8.0
"LEVORPHANOL TARTRATE",-4.699,3.8
"ZOLPIDEM TARTRATE",-4.818,12.7
"POTASSIUM CITRATE",-4.577,8.7
"OXYCODONE TEREPHTHALATE",-5.440,4.7
"TRANYLCYPROMINE",-3.724,2.8
"DEXTROAMPHETAMINE SACCHARATE",-4.855,11.5
"PSEUDOEPHEDRINE SULFATE",-3.775,3.5
"DESVENLAFAXINE FUMARATE",-4.640,8.4
"TRIMEPRAZINE TARTRATE",-4.264,12.3
"NIRAPARIB TOSYLATE MONOHYDRATE",-5.687,11.5
"DIROXIMEL FUMARATE",-4.412,12.5
"CENOBAMATE",-5.202,9.8
"PIPERAZINE CITRATE ANHYDROUS",-4.577,8.3
"RITLECITINIB",-5.215,13.6
"MILNACIPRAN HYDROCHLORIDE",-3.794,9.3
"CODEINE SULFATE",-5.508,4.8
"SOLRIAMFETOL HYDROCHLORIDE",-4.527,8.2
"DURLOBACTAM SODIUM",-5.703,6.2
"MAVACAMTEN",-4.854,10.9
"SOLRIAMFETOL",-4.527,7.7
"DURLOBACTAM",-5.703,7.8
"ARIMOCLOMOL CITRATE",-4.905,17.9
"ABACAVIR SULFATE",-5.036,15.5
"ZOLEDRONIC ACID",-4.585,9.4
"ENMETAZOBACTAM",-4.607,9.2
"FLUOROESTRADIOL F-18",-5.119,5.3
"FOSLEVODOPA",-4.985,16.3
"DEURUXOLITINIB PHOSPHATE",-5.374,14.7
"ACORAMIDIS HYDROCHLORIDE",-4.608,17.5
"FOSCARBIDOPA",-4.949,19.7
"AMPHETAMINE ASPARTATE/DEXTROAMPHETAMINE SULFATE",-3.443,3.7
"VENLAFAXINE BESYLATE",-4.368,12.3
"AMPHETAMINE/DEXTROAMPHETAMINE",-3.443,3.6
"ENTECAVIR",-5.130,10.9
"ESOMEPRAZOLE MAGNESIUM",-5.576,18.3
"CIDOFOVIR",-5.005,16.5
"RITLECITINIB TOSYLATE",-5.215,14.0
"NALMEFENE HYDROCHLORIDE DIHYDRATE",-5.131,9.5
"NALOXONE HYDROCHLORIDE DIHYDRATE",-5.701,7.7
"ZANAMIVIR HYDRATE",-4.660,22.9
"CODEINE PHOSPHATE",-5.508,5.0
"PAROXETINE HYDROCHLORIDE",-4.601,18.9
"VARENICLINE TARTRATE",-4.454,2.9
"RASAGILINE TARTRATE",-3.918,3.7
"ACETYLCYSTEINE LYSINE",-3.935,6.5
"CLOPIDOGREL BESILATE",-5.005,11.1
"LENALIDOMIDE HYDROCHLORIDE MONOHYDRATE",-5.134,5.9
"CLOPIDOGREL HYDROCHLORIDE",-5.005,11.0
"CLOPIDOGREL HYDROBROMIDE",-5.005,10.6
"ESTETROL",-4.958,6.7
